Plant.ID;Treatment;DAS;Field.Capacity
1745AJ009;D;1;80.88790679
1745AJ009;D;5;76.06669345
1745AJ009;D;7;79.68260346
1745AJ009;D;8;80.48613901
1745AJ009;D;10;71.64724789
1745AJ009;D;11;72.04901567
1745AJ009;D;12;72.04901567
1745AJ009;D;13;72.04901567
1745AJ009;D;14;72.04901567
1745AJ009;D;15;72.04901567
1745AJ009;D;16;57.18360787
1745AJ009;D;17;44.72880675
1745AJ009;D;18;38.70229008
1745AJ009;D;19;32.6757734
1745AJ009;D;20;27.85456006
1745AJ009;D;21;22.22981117
1745AJ009;D;22;18.61390117
1745AJ009;D;23;14.99799116
1745AJ009;D;24;11.78384894
1745AJ009;D;25;8.56970671
1745AJ009;D;26;6.15910004
1745AJ009;D;27;3.346725593
1745AJ009;D;28;1.337886701
1745AJ009;D;29;-1.072719968
1745AJ013;WW;1;84.10204902
1745AJ013;WW;5;83.29851346
1745AJ013;WW;7;83.29851346
1745AJ013;WW;8;83.29851346
1745AJ013;WW;10;75.26315789
1745AJ013;WW;11;75.66492567
1745AJ013;WW;12;75.26315789
1745AJ013;WW;13;75.66492567
1745AJ013;WW;14;75.66492567
1745AJ013;WW;15;75.26315789
1745AJ015;D;1;82.89674568
1745AJ015;D;5;81.28967457
1745AJ015;D;7;82.09321012
1745AJ015;D;8;82.4949779
1745AJ015;D;10;73.65608678
1745AJ015;D;11;74.05785456
1745AJ015;D;12;74.05785456
1745AJ015;D;13;74.45962234
1745AJ015;D;14;74.05785456
1745AJ015;D;15;74.05785456
1745AJ015;D;16;60.3977501
1745AJ015;D;17;48.74648453
1745AJ015;D;18;41.11289675
1745AJ015;D;19;34.68461229
1745AJ015;D;20;29.0598634
1745AJ017;D;1;96.95861792
1745AJ017;D;5;92.94094014
1745AJ017;D;7;95.75331458
1745AJ017;D;8;96.55685014
1745AJ017;D;10;88.1197268
1745AJ017;D;11;88.1197268
1745AJ017;D;12;88.1197268
1745AJ017;D;13;88.1197268
1745AJ017;D;14;88.1197268
1745AJ017;D;15;88.52149458
1745AJ017;D;16;74.45962234
1745AJ017;D;17;63.21012455
1745AJ017;D;18;57.18360787
1745AJ017;D;19;51.55885898
1745AJ017;D;20;47.13941342
1745AJ017;D;21;41.9164323
1745AJ017;D;22;37.89875452
1745AJ017;D;23;34.68461229
1745AJ017;D;24;31.47047007
1745AJ017;D;25;29.0598634
1745AJ017;D;26;26.24748895
1745AJ017;D;27;24.23865006
1745AJ017;D;28;22.22981117
1745AJ017;D;29;20.22097228
1745AJ017;D;30;41.11289675
1745AJ017;D;31;84.90558457
1745AJ017;D;32;88.32061069
1745AJ017;D;33;87.91884291
1745AJ017;D;34;87.51707513
1745AJ029;D;1;91.33386902
1745AJ029;D;5;90.93210125
1745AJ029;D;7;90.53033347
1745AJ029;D;8;90.93210125
1745AJ029;D;10;82.09321012
1745AJ029;D;11;82.89674568
1745AJ029;D;12;82.89674568
1745AJ029;D;13;82.4949779
1745AJ029;D;14;82.89674568
1745AJ029;D;15;82.89674568
1745AJ029;D;16;69.638409
1745AJ029;D;17;58.38891121
1745AJ029;D;18;51.1570912
1745AJ029;D;19;44.72880675
1745AJ029;D;20;40.30936119
1745AJ029;D;21;34.68461229
1745AJ029;D;22;30.26516673
1745AJ029;D;23;26.64925673
1745AJ029;D;24;23.4351145
1745AJ029;D;25;20.62274006
1745AJ029;D;26;17.81036561
1745AJ029;D;27;14.99799116
1745AJ029;D;28;12.98915227
1745AJ029;D;29;10.5785456
1745AJ029;D;30;31.87223785
1745AJ029;D;31;79.28083568
1745AJ030;WW;1;85.70912013
1745AJ030;WW;5;82.09321012
1745AJ030;WW;7;84.50381679
1745AJ030;WW;8;84.90558457
1745AJ030;WW;10;76.87022901
1745AJ030;WW;11;77.27199679
1745AJ030;WW;12;76.87022901
1745AJ030;WW;13;76.87022901
1745AJ030;WW;14;76.87022901
1745AJ030;WW;15;76.87022901
1745AJ034;D;1;90.53033347
1745AJ034;D;5;90.93210125
1745AJ034;D;7;89.72679791
1745AJ034;D;8;89.72679791
1745AJ034;D;10;81.69144235
1745AJ034;D;11;81.69144235
1745AJ034;D;12;81.69144235
1745AJ034;D;13;82.09321012
1745AJ034;D;14;81.69144235
1745AJ034;D;15;81.69144235
1745AJ034;D;16;70.04017678
1745AJ034;D;17;59.59421454
1745AJ034;D;18;51.55885898
1745AJ034;D;19;45.53234231
1745AJ034;D;20;40.71112897
1745AJ034;D;21;35.48814785
1745AJ034;D;22;31.06870229
1745AJ040;D;1;96.95861792
1745AJ040;D;5;99.77099237
1745AJ040;D;7;96.15508236
1745AJ040;D;8;96.55685014
1745AJ040;D;10;88.52149458
1745AJ040;D;11;88.1197268
1745AJ040;D;12;88.52149458
1745AJ040;D;13;88.52149458
1745AJ040;D;14;88.52149458
1745AJ040;D;15;88.52149458
1745AJ040;D;16;78.07553234
1745AJ040;D;17;68.43310566
1745AJ040;D;18;60.79951788
1745AJ040;D;19;55.97830454
1745AJ040;D;20;50.75532342
1745AJ040;D;21;45.53234231
1745AJ040;D;22;40.71112897
1745AJ040;D;23;36.69345119
1745AJ040;D;24;33.07754118
1745AJ040;D;25;29.46163118
1745AJ040;D;26;26.24748895
1745AJ040;D;27;23.03334673
1745AJ040;D;28;20.62274006
1745AJ040;D;29;17.81036561
1745AJ040;D;30;38.3005223
1745AJ040;D;31;85.30735235
1745AJ040;D;32;88.32061069
1745AJ040;D;33;87.91884291
1745AJ040;D;34;87.91884291
1745AJ040;D;35;87.91884291
1745AJ040;D;36;87.91884291
1745AJ040;D;37;88.32061069
1745AJ040;D;38;87.51707513
1745AJ042;WW;1;86.91442346
1745AJ042;WW;5;88.52149458
1745AJ042;WW;7;86.11088791
1745AJ042;WW;8;86.51265569
1745AJ042;WW;10;78.07553234
1745AJ042;WW;11;78.07553234
1745AJ042;WW;12;78.47730012
1745AJ042;WW;13;78.47730012
1745AJ042;WW;14;78.47730012
1745AJ042;WW;15;78.07553234
1745AJ042;WW;16;78.07553234
1745AJ042;WW;17;78.07553234
1745AJ042;WW;18;78.47730012
1745AJ042;WW;19;78.07553234
1745AJ042;WW;20;77.67376456
1745AJ042;WW;21;78.07553234
1745AJ042;WW;22;78.07553234
1745AJ054;D;1;88.1197268
1745AJ054;D;5;88.52149458
1745AJ054;D;7;87.71795902
1745AJ054;D;8;87.71795902
1745AJ054;D;10;79.28083568
1745AJ054;D;11;79.68260346
1745AJ054;D;12;79.28083568
1745AJ054;D;13;79.68260346
1745AJ054;D;14;79.28083568
1745AJ054;D;15;79.28083568
1745AJ054;D;16;66.42426677
1745AJ054;D;17;55.17476898
1745AJ054;D;18;47.13941342
1745AJ054;D;19;40.71112897
1745AJ054;D;20;36.29168341
1745AJ054;D;21;31.06870229
1745AJ054;D;22;27.05102451
1745AJ054;D;23;23.83688228
1745AJ054;D;24;20.62274006
1745AJ054;D;25;17.81036561
1745AJ054;D;26;15.39975894
1745AJ054;D;27;12.98915227
1745AJ054;D;28;10.5785456
1745AJ054;D;29;8.56970671
1745AJ054;D;30;29.86339896
1745AJ054;D;31;76.87022901
1745AJ054;D;32;79.48171957
1745AJ054;D;33;79.07995179
1745AJ054;D;34;79.07995179
1745AJ054;D;35;79.07995179
1745AJ054;D;36;79.07995179
1745AJ054;D;37;79.07995179
1745AJ054;D;38;79.07995179
1745AJ054;D;39;79.07995179
1745AJ054;D;40;79.07995179
1745AJ054;D;41;79.07995179
1745AJ055;D;1;82.89674568
1745AJ055;D;5;81.28967457
1745AJ055;D;7;82.09321012
1745AJ055;D;8;82.09321012
1745AJ055;D;10;74.05785456
1745AJ055;D;11;74.05785456
1745AJ055;D;12;74.45962234
1745AJ055;D;13;74.45962234
1745AJ055;D;14;74.05785456
1745AJ055;D;15;74.05785456
1745AJ055;D;16;60.3977501
1745AJ055;D;17;49.55002009
1745AJ055;D;18;43.12173564
1745AJ055;D;19;37.09521896
1745AJ055;D;20;32.6757734
1745AJ055;D;21;27.45279229
1745AJ055;D;22;23.03334673
1745AJ055;D;23;19.41743672
1745AJ055;D;24;16.60506227
1745AJ055;D;25;13.79268783
1745AJ055;D;26;11.38208116
1745AJ055;D;27;8.971474488
1745AJ055;D;28;6.560867818
1745AJ055;D;29;4.552028927
1745AJ055;D;30;25.44395339
1745AJ055;D;31;71.64724789
1745AJ055;D;32;74.25873845
1745AJ055;D;33;73.85697067
1745AJ055;D;34;74.25873845
1745AJ055;D;35;74.25873845
1745AJ055;D;36;73.85697067
1745AJ055;D;37;73.85697067
1745AJ055;D;38;73.85697067
1745AJ055;D;39;73.85697067
1745AJ055;D;40;74.25873845
1745AJ055;D;41;73.85697067
1745AJ055;D;42;73.85697067
1745AJ055;D;43;73.85697067
1745AJ055;D;44;73.85697067
1745AJ056;D;1;88.1197268
1745AJ056;D;5;84.50381679
1745AJ056;D;7;87.31619124
1745AJ056;D;8;87.71795902
1745AJ056;D;10;79.28083568
1745AJ056;D;11;79.28083568
1745AJ056;D;12;79.28083568
1745AJ056;D;13;79.68260346
1745AJ056;D;14;79.68260346
1745AJ056;D;15;79.28083568
1745AJ056;D;16;65.62073122
1745AJ056;D;17;54.37123343
1745AJ056;D;18;46.73764564
1745AJ056;D;19;40.71112897
1745AJ056;D;20;36.29168341
1745AJ056;D;21;30.66693451
1745AJ056;D;22;26.64925673
1745AJ056;D;23;23.03334673
1745AJ056;D;24;19.8192045
1745AJ056;D;25;17.00683005
1745AJ056;D;26;14.1944556
1745AJ056;D;27;11.78384894
1745AJ056;D;28;9.373242266
1745AJ056;D;29;6.962635597
1745AJ056;D;30;27.85456006
1745AJ056;D;31;77.27199679
1745AJ056;D;32;79.07995179
1745AJ056;D;33;79.07995179
1745AJ056;D;34;79.07995179
1745AJ056;D;35;79.07995179
1745AJ056;D;36;79.07995179
1745AJ056;D;37;79.07995179
1745AJ056;D;38;79.48171957
1745AJ056;D;39;79.07995179
1745AJ056;D;40;79.07995179
1745AJ056;D;41;79.07995179
1745AJ056;D;42;79.07995179
1745AJ056;D;43;78.67818401
1745AJ058;D;1;94.14624347
1745AJ058;D;5;93.74447569
1745AJ058;D;7;93.34270791
1745AJ058;D;8;93.74447569
1745AJ058;D;10;85.30735235
1745AJ058;D;11;85.30735235
1745AJ058;D;12;85.30735235
1745AJ058;D;13;85.30735235
1745AJ058;D;14;85.70912013
1745AJ058;D;15;85.70912013
1745AJ058;D;16;72.85255123
1745AJ058;D;17;62.00482121
1745AJ064;WW;1;86.91442346
1745AJ064;WW;5;87.31619124
1745AJ064;WW;7;86.11088791
1745AJ064;WW;8;86.51265569
1745AJ064;WW;10;78.07553234
1745AJ064;WW;11;78.07553234
1745AJ064;WW;12;78.07553234
1745AJ064;WW;13;78.07553234
1745AJ064;WW;14;78.07553234
1745AJ064;WW;15;78.07553234
1745AJ064;WW;16;78.07553234
1745AJ064;WW;17;78.07553234
1745AJ064;WW;18;78.07553234
1745AJ064;WW;19;78.07553234
1745AJ064;WW;20;78.07553234
1745AJ064;WW;21;77.67376456
1745AJ064;WW;22;77.67376456
1745AJ064;WW;23;78.07553234
1745AJ064;WW;24;78.07553234
1745AJ064;WW;25;78.07553234
1745AJ064;WW;26;77.67376456
1745AJ064;WW;27;77.27199679
1745AJ064;WW;28;78.07553234
1745AJ064;WW;29;77.67376456
1745AJ064;WW;30;77.67376456
1745AJ064;WW;31;78.07553234
1745AJ064;WW;32;77.87464845
1745AJ064;WW;33;77.87464845
1745AJ064;WW;34;77.87464845
1745AJ064;WW;35;77.87464845
1745AJ064;WW;36;77.87464845
1745AJ070;WW;1;80.88790679
1745AJ070;WW;5;84.50381679
1745AJ070;WW;7;80.08437123
1745AJ070;WW;8;80.48613901
1745AJ070;WW;10;72.04901567
1745AJ070;WW;11;72.45078345
1745AJ070;WW;12;72.04901567
1745AJ070;WW;13;72.45078345
1745AJ070;WW;14;72.04901567
1745AJ070;WW;15;72.45078345
1745AJ074;D;1;87.71795902
1745AJ074;D;5;88.52149458
1745AJ074;D;7;86.91442346
1745AJ074;D;8;87.31619124
1745AJ074;D;10;78.8790679
1745AJ074;D;11;78.8790679
1745AJ074;D;12;79.28083568
1745AJ074;D;13;79.28083568
1745AJ074;D;14;78.8790679
1745AJ074;D;15;78.8790679
1745AJ074;D;16;66.022499
1745AJ074;D;17;54.77300121
1745AJ074;D;18;46.73764564
1745AJ074;D;19;39.90759341
1745AJ074;D;20;34.68461229
1745AJ074;D;21;29.46163118
1745AJ074;D;22;25.44395339
1745AJ074;D;23;21.82804339
1745AJ074;D;24;19.01566894
1745AJ074;D;25;16.2032945
1745AJ074;D;26;13.79268783
1745AJ074;D;27;11.38208116
1745AJ074;D;28;8.971474488
1745AJ074;D;29;6.962635597
1745AJ074;D;30;27.85456006
1745AJ074;D;31;76.06669345
1745AJ079;D;1;86.91442346
1745AJ079;D;5;90.53033347
1745AJ079;D;7;86.51265569
1745AJ079;D;8;86.51265569
1745AJ079;D;10;78.47730012
1745AJ079;D;11;78.47730012
1745AJ079;D;12;78.47730012
1745AJ079;D;13;78.47730012
1745AJ079;D;14;78.47730012
1745AJ079;D;15;78.47730012
1745AJ079;D;16;68.43310566
1745AJ079;D;17;59.19244677
1745AJ079;D;18;51.96062676
1745AJ079;D;19;47.13941342
1745AJ079;D;20;41.9164323
1745AJ079;D;21;36.69345119
1745AJ079;D;22;31.87223785
1745AJ079;D;23;27.85456006
1745AJ079;D;24;24.23865006
1745AJ079;D;25;20.62274006
1745AJ079;D;26;17.81036561
1745AJ079;D;27;14.99799116
1745AJ079;D;28;12.18561671
1745AJ079;D;29;9.373242266
1745AJ079;D;30;29.86339896
1745AJ079;D;31;75.26315789
1745AJ079;D;32;78.27641623
1745AJ079;D;33;78.27641623
1745AJ079;D;34;78.27641623
1745AJ079;D;35;78.27641623
1745AJ079;D;36;77.87464845
1745AJ081;D;1;91.33386902
1745AJ081;D;5;91.33386902
1745AJ081;D;7;90.53033347
1745AJ081;D;8;90.93210125
1745AJ081;D;10;82.4949779
1745AJ081;D;11;82.89674568
1745AJ081;D;12;82.4949779
1745AJ081;D;13;82.4949779
1745AJ081;D;14;82.4949779
1745AJ081;D;15;82.89674568
1745AJ081;D;16;70.04017678
1745AJ081;D;17;59.59421454
1745AJ081;D;18;52.36239454
1745AJ081;D;19;47.5411812
1745AJ081;D;20;42.71996786
1745AJ081;D;21;37.49698674
1745AJ081;D;22;33.07754118
1745AJ081;D;23;28.65809562
1745AJ081;D;24;25.04218562
1745AJ081;D;25;21.82804339
1745AJ081;D;26;19.01566894
1745AJ081;D;27;15.80152672
1745AJ082;WW;1;91.33386902
1745AJ082;WW;5;94.94977903
1745AJ082;WW;7;90.93210125
1745AJ082;WW;8;90.93210125
1745AJ082;WW;10;82.89674568
1745AJ082;WW;11;82.89674568
1745AJ082;WW;12;82.4949779
1745AJ082;WW;13;82.4949779
1745AJ082;WW;14;82.89674568
1745AJ082;WW;15;82.4949779
1745AJ082;WW;16;82.89674568
1745AJ082;WW;17;82.4949779
1745AJ082;WW;18;82.4949779
1745AJ082;WW;19;82.4949779
1745AJ082;WW;20;82.4949779
1745AJ082;WW;21;82.4949779
1745AJ082;WW;22;82.4949779
1745AJ083;D;1;82.09321012
1745AJ083;D;5;84.10204902
1745AJ083;D;7;81.69144235
1745AJ083;D;8;81.69144235
1745AJ083;D;10;73.65608678
1745AJ083;D;11;73.254319
1745AJ083;D;12;73.254319
1745AJ083;D;13;73.65608678
1745AJ083;D;14;73.65608678
1745AJ083;D;15;73.254319
1745AJ083;D;16;62.40658899
1745AJ083;D;17;52.76416231
1745AJ083;D;18;44.32703897
1745AJ083;D;19;39.10405785
1745AJ083;D;20;33.47930896
1745AJ083;D;21;27.85456006
1745AJ083;D;22;23.03334673
1745AJ083;D;23;18.61390117
1745AJ083;D;24;14.99799116
1745AJ083;D;25;11.78384894
1745AJ083;D;26;8.971474488
1745AJ083;D;27;6.15910004
1745AJ083;D;28;3.748493371
1745AJ083;D;29;1.337886701
1745AJ083;D;30;21.82804339
1745AJ083;D;31;70.04017678
1745AJ083;D;32;73.45520289
1745AJ083;D;33;73.05343511
1745AJ083;D;34;73.45520289
1745AJ083;D;35;73.05343511
1745AJ083;D;36;73.05343511
1745AJ083;D;37;73.05343511
1745AJ083;D;38;73.45520289
1745AJ084;D;1;89.32503013
1745AJ084;D;5;91.33386902
1745AJ084;D;7;88.52149458
1745AJ084;D;8;88.92326235
1745AJ084;D;10;80.88790679
1745AJ084;D;11;80.88790679
1745AJ084;D;12;80.88790679
1745AJ084;D;13;80.48613901
1745AJ084;D;14;80.88790679
1745AJ084;D;15;80.88790679
1745AJ084;D;16;69.23664122
1745AJ084;D;17;59.19244677
1745AJ085;D;1;91.33386902
1745AJ085;D;5;92.13740458
1745AJ085;D;7;90.53033347
1745AJ085;D;8;90.53033347
1745AJ085;D;10;82.89674568
1745AJ085;D;11;82.4949779
1745AJ085;D;12;82.89674568
1745AJ085;D;13;82.89674568
1745AJ085;D;14;82.4949779
1745AJ085;D;15;82.89674568
1745AJ085;D;16;70.04017678
1745AJ085;D;17;59.19244677
1745AJ085;D;18;52.36239454
1745AJ085;D;19;46.73764564
1745AJ085;D;20;42.31820008
1745AJ085;D;21;36.69345119
1745AJ085;D;22;31.87223785
1745AJ085;D;23;27.85456006
1745AJ085;D;24;24.64041784
1745AJ085;D;25;21.82804339
1745AJ085;D;26;19.41743672
1745AJ085;D;27;17.00683005
1745AJ085;D;28;14.59622338
1745AJ085;D;29;12.58738449
1745AJ085;D;30;33.88107674
1745AJ085;D;31;79.68260346
1745AJ085;D;32;82.29409401
1745AJ085;D;33;82.29409401
1745AJ085;D;34;82.69586179
1745AJ085;D;35;82.69586179
1745AJ085;D;36;82.29409401
1745AJ085;D;37;82.69586179
1745AJ085;D;38;82.29409401
1745AJ085;D;39;82.29409401
1745AJ085;D;40;82.29409401
1745AJ085;D;41;82.29409401
1745AJ085;D;42;82.29409401
1745AJ085;D;43;82.29409401
1745AJ085;D;44;82.29409401
1745AJ090;WW;1;93.74447569
1745AJ090;WW;5;93.74447569
1745AJ090;WW;7;92.94094014
1745AJ090;WW;8;92.94094014
1745AJ090;WW;10;84.90558457
1745AJ090;WW;11;84.90558457
1745AJ090;WW;12;84.90558457
1745AJ090;WW;13;84.90558457
1745AJ090;WW;14;84.90558457
1745AJ090;WW;15;84.90558457
1745AJ090;WW;16;84.50381679
1745AJ090;WW;17;85.30735235
1745AJ090;WW;18;84.90558457
1745AJ090;WW;19;84.90558457
1745AJ090;WW;20;84.90558457
1745AJ090;WW;21;84.50381679
1745AJ090;WW;22;84.50381679
1745AJ090;WW;23;84.90558457
1745AJ090;WW;24;84.50381679
1745AJ090;WW;25;84.90558457
1745AJ090;WW;26;84.50381679
1745AJ090;WW;27;84.50381679
1745AJ090;WW;28;84.90558457
1745AJ090;WW;29;84.50381679
1745AJ090;WW;30;84.50381679
1745AJ090;WW;31;84.90558457
1745AJ090;WW;32;85.10646846
1745AJ090;WW;33;85.10646846
1745AJ090;WW;34;84.70470068
1745AJ090;WW;35;85.10646846
1745AJ090;WW;36;84.70470068
1745AJ094;D;1;90.12856569
1745AJ094;D;5;91.7356368
1745AJ094;D;7;89.32503013
1745AJ094;D;8;89.72679791
1745AJ094;D;10;81.28967457
1745AJ094;D;11;81.69144235
1745AJ094;D;12;81.69144235
1745AJ094;D;13;81.69144235
1745AJ094;D;14;81.28967457
1745AJ094;D;15;81.69144235
1745AJ094;D;16;70.84371233
1745AJ094;D;17;61.20128566
1745AJ094;D;18;52.36239454
1745AJ094;D;19;46.73764564
1745AJ094;D;20;41.9164323
1745AJ098;WW;1;80.88790679
1745AJ098;WW;5;84.50381679
1745AJ098;WW;7;80.48613901
1745AJ098;WW;8;80.48613901
1745AJ098;WW;10;72.04901567
1745AJ098;WW;11;72.45078345
1745AJ098;WW;12;72.04901567
1745AJ098;WW;13;72.45078345
1745AJ098;WW;14;72.04901567
1745AJ098;WW;15;72.04901567
1745AJ101;D;1;79.68260346
1745AJ101;D;5;83.70028124
1745AJ101;D;7;79.28083568
1745AJ101;D;8;79.28083568
1745AJ101;D;10;70.84371233
1745AJ101;D;11;70.84371233
1745AJ101;D;12;71.24548011
1745AJ101;D;13;71.24548011
1745AJ101;D;14;70.84371233
1745AJ101;D;15;71.24548011
1745AJ101;D;16;60.3977501
1745AJ101;D;17;51.1570912
1745AJ104;D;1;88.92326235
1745AJ104;D;5;89.72679791
1745AJ104;D;7;88.52149458
1745AJ104;D;8;88.52149458
1745AJ104;D;10;80.48613901
1745AJ104;D;11;80.08437123
1745AJ104;D;12;80.08437123
1745AJ104;D;13;80.48613901
1745AJ104;D;14;80.48613901
1745AJ104;D;15;80.08437123
1745AJ104;D;16;68.03133789
1745AJ104;D;17;57.18360787
1745AJ104;D;18;49.14825231
1745AJ104;D;19;43.12173564
1745AJ104;D;20;37.49698674
1745AJ104;D;21;31.06870229
1745AJ104;D;22;25.84572117
1745AJ105;D;1;92.94094014
1745AJ105;D;5;94.14624347
1745AJ105;D;7;92.13740458
1745AJ105;D;8;92.53917236
1745AJ105;D;10;84.10204902
1745AJ105;D;11;84.10204902
1745AJ105;D;12;84.50381679
1745AJ105;D;13;84.50381679
1745AJ105;D;14;84.50381679
1745AJ105;D;15;84.10204902
1745AJ105;D;16;73.65608678
1745AJ105;D;17;64.81719566
1745AJ105;D;18;56.38007232
1745AJ105;D;19;50.75532342
1745AJ105;D;20;45.53234231
1745AJ105;D;21;40.30936119
1745AJ105;D;22;35.48814785
1745AJ105;D;23;30.66693451
1745AJ105;D;24;26.24748895
1745AJ105;D;25;22.22981117
1745AJ105;D;26;18.61390117
1745AJ105;D;27;15.39975894
1745AJ107;D;1;93.74447569
1745AJ107;D;5;97.3603857
1745AJ107;D;7;93.34270791
1745AJ107;D;8;93.34270791
1745AJ107;D;10;85.30735235
1745AJ107;D;11;85.30735235
1745AJ107;D;12;84.90558457
1745AJ107;D;13;85.30735235
1745AJ107;D;14;85.30735235
1745AJ107;D;15;85.30735235
1745AJ107;D;16;74.86139012
1745AJ107;D;17;65.62073122
1745AJ107;D;18;57.18360787
1745AJ107;D;19;49.95178787
1745AJ107;D;20;44.72880675
1745AJ107;D;21;39.50582563
1745AJ107;D;22;34.28284452
1745AJ107;D;23;29.86339896
1745AJ107;D;24;25.44395339
1745AJ107;D;25;21.82804339
1745AJ107;D;26;18.61390117
1745AJ107;D;27;15.39975894
1745AJ107;D;28;12.58738449
1745AJ107;D;29;9.775010044
1745AJ110;D;1;80.08437123
1745AJ110;D;5;84.10204902
1745AJ110;D;7;80.08437123
1745AJ110;D;8;79.68260346
1745AJ110;D;10;71.24548011
1745AJ110;D;11;71.64724789
1745AJ110;D;12;71.64724789
1745AJ110;D;13;71.64724789
1745AJ110;D;14;71.64724789
1745AJ110;D;15;71.24548011
1745AJ110;D;16;62.40658899
1745AJ110;D;17;53.96946565
1745AJ110;D;18;46.33587786
1745AJ110;D;19;41.11289675
1745AJ110;D;20;36.29168341
1745AJ110;D;21;31.47047007
1745AJ110;D;22;27.05102451
1745AJ110;D;23;23.03334673
1745AJ110;D;24;19.41743672
1745AJ110;D;25;15.80152672
1745AJ110;D;26;12.98915227
1745AJ110;D;27;9.775010044
1745AJ110;D;28;6.962635597
1745AJ110;D;29;4.552028927
1745AJ110;D;30;24.64041784
1745AJ110;D;31;69.23664122
1745AJ110;D;32;71.04459622
1745AJ110;D;33;71.04459622
1745AJ110;D;34;71.84813178
1745AJ111;WW;1;88.92326235
1745AJ111;WW;5;92.13740458
1745AJ111;WW;7;88.52149458
1745AJ111;WW;8;88.52149458
1745AJ111;WW;10;79.68260346
1745AJ111;WW;11;80.48613901
1745AJ111;WW;12;80.48613901
1745AJ111;WW;13;80.48613901
1745AJ111;WW;14;80.48613901
1745AJ111;WW;15;80.08437123
1745AJ112;D;1;82.4949779
1745AJ112;D;5;84.50381679
1745AJ112;D;7;82.09321012
1745AJ112;D;8;82.09321012
1745AJ112;D;10;73.65608678
1745AJ112;D;11;74.05785456
1745AJ112;D;12;73.65608678
1745AJ112;D;13;73.65608678
1745AJ112;D;14;73.65608678
1745AJ112;D;15;74.05785456
1745AJ112;D;16;63.61189233
1745AJ112;D;17;54.37123343
1745AJ112;D;18;45.93411008
1745AJ112;D;19;41.11289675
1745AJ112;D;20;36.29168341
1745AJ112;D;21;31.47047007
1745AJ112;D;22;27.05102451
1745AJ112;D;23;23.4351145
1745AJ112;D;24;19.8192045
1745AJ112;D;25;17.00683005
1745AJ112;D;26;14.59622338
1745AJ112;D;27;12.18561671
1745AJ112;D;28;9.775010044
1745AJ112;D;29;8.167938931
1745AJ112;D;30;29.0598634
1745AJ112;D;31;71.64724789
1745AJ112;D;32;73.45520289
1745AJ112;D;33;73.85697067
1745AJ112;D;34;73.85697067
1745AJ112;D;35;74.25873845
1745AJ112;D;36;73.85697067
1745AJ112;D;37;73.85697067
1745AJ112;D;38;73.85697067
1745AJ112;D;39;73.45520289
1745AJ112;D;40;73.85697067
1745AJ112;D;41;73.45520289
1745AJ112;D;42;73.45520289
1745AJ112;D;43;73.45520289
1745AJ112;D;44;73.85697067
1745AJ113;D;1;86.11088791
1745AJ113;D;5;87.31619124
1745AJ113;D;7;85.70912013
1745AJ113;D;8;85.30735235
1745AJ113;D;10;77.67376456
1745AJ113;D;11;77.27199679
1745AJ113;D;12;77.67376456
1745AJ113;D;13;77.67376456
1745AJ113;D;14;77.67376456
1745AJ113;D;15;77.27199679
1745AJ113;D;16;66.42426677
1745AJ113;D;17;57.18360787
1745AJ113;D;18;49.95178787
1745AJ113;D;19;45.13057453
1745AJ113;D;20;39.90759341
1745AJ113;D;21;34.68461229
1745AJ113;D;22;30.26516673
1745AJ113;D;23;26.24748895
1745AJ113;D;24;22.63157895
1745AJ116;WW;1;83.70028124
1745AJ116;WW;5;88.1197268
1745AJ116;WW;7;83.29851346
1745AJ116;WW;8;83.29851346
1745AJ116;WW;10;74.86139012
1745AJ116;WW;11;74.86139012
1745AJ116;WW;12;74.86139012
1745AJ116;WW;13;75.26315789
1745AJ116;WW;14;75.26315789
1745AJ116;WW;15;75.26315789
1745AJ116;WW;16;74.86139012
1745AJ116;WW;17;75.26315789
1745AJ116;WW;18;74.86139012
1745AJ116;WW;19;75.26315789
1745AJ116;WW;20;74.86139012
1745AJ116;WW;21;74.86139012
1745AJ116;WW;22;74.86139012
1745AJ116;WW;23;74.86139012
1745AJ116;WW;24;74.86139012
1745AJ116;WW;25;75.26315789
1745AJ116;WW;26;74.86139012
1745AJ116;WW;27;74.86139012
1745AJ116;WW;28;74.86139012
1745AJ116;WW;29;75.26315789
1745AJ122;WW;1;77.27199679
1745AJ122;WW;5;78.07553234
1745AJ122;WW;7;76.87022901
1745AJ122;WW;8;76.87022901
1745AJ122;WW;10;68.43310566
1745AJ122;WW;11;68.83487344
1745AJ122;WW;12;68.83487344
1745AJ122;WW;13;68.83487344
1745AJ122;WW;14;68.83487344
1745AJ122;WW;15;68.43310566
1745AJ122;WW;16;68.03133789
1745AJ122;WW;17;68.83487344
1745AJ122;WW;18;68.43310566
1745AJ122;WW;19;68.43310566
1745AJ122;WW;20;68.83487344
1745AJ122;WW;21;68.83487344
1745AJ122;WW;22;68.43310566
1745AJ122;WW;23;68.43310566
1745AJ122;WW;24;68.43310566
1745AJ122;WW;25;68.83487344
1745AJ122;WW;26;68.43310566
1745AJ122;WW;27;68.43310566
1745AJ122;WW;28;68.43310566
1745AJ122;WW;29;68.43310566
1745AJ122;WW;30;68.83487344
1745AJ122;WW;31;68.43310566
1745AJ122;WW;32;68.63398955
1745AJ122;WW;33;68.63398955
1745AJ122;WW;34;68.63398955
1745AJ122;WW;35;68.63398955
1745AJ122;WW;36;68.63398955
1745AJ122;WW;37;68.63398955
1745AJ122;WW;38;68.63398955
1745AJ122;WW;39;68.63398955
1745AJ122;WW;40;68.63398955
1745AJ122;WW;41;68.63398955
1745AJ122;WW;42;68.23222178
1745AJ122;WW;43;68.23222178
1745AJ122;WW;44;68.23222178
1745AJ124;D;1;90.12856569
1745AJ124;D;5;94.14624347
1745AJ124;D;7;90.12856569
1745AJ124;D;8;90.12856569
1745AJ124;D;10;81.69144235
1745AJ124;D;11;81.69144235
1745AJ124;D;12;81.69144235
1745AJ124;D;13;81.69144235
1745AJ124;D;14;81.69144235
1745AJ124;D;15;81.28967457
1745AJ124;D;16;71.64724789
1745AJ124;D;17;63.21012455
1745AJ124;D;18;55.57653676
1745AJ124;D;19;49.95178787
1745AJ124;D;20;45.53234231
1745AJ124;D;21;40.71112897
1745AJ124;D;22;36.29168341
1745AJ124;D;23;32.27400562
1745AJ124;D;24;29.0598634
1745AJ124;D;25;25.84572117
1745AJ124;D;26;22.63157895
1745AJ124;D;27;19.8192045
1745AJ124;D;28;17.00683005
1745AJ124;D;29;14.1944556
1745AJ130;WW;1;79.28083568
1745AJ130;WW;5;84.10204902
1745AJ130;WW;7;78.8790679
1745AJ130;WW;8;78.8790679
1745AJ130;WW;10;70.84371233
1745AJ130;WW;11;70.84371233
1745AJ130;WW;12;70.84371233
1745AJ130;WW;13;70.44194456
1745AJ130;WW;14;70.44194456
1745AJ130;WW;15;70.84371233
1745AJ130;WW;16;70.84371233
1745AJ130;WW;17;70.84371233
1745AJ130;WW;18;70.44194456
1745AJ130;WW;19;70.44194456
1745AJ130;WW;20;70.44194456
1745AJ130;WW;21;70.44194456
1745AJ130;WW;22;70.84371233
1745AJ130;WW;23;70.44194456
1745AJ130;WW;24;70.44194456
1745AJ130;WW;25;70.44194456
1745AJ130;WW;26;70.84371233
1745AJ130;WW;27;70.44194456
1745AJ130;WW;28;70.44194456
1745AJ130;WW;29;70.44194456
1745AJ130;WW;30;70.84371233
1745AJ130;WW;31;70.44194456
1745AJ130;WW;32;70.64282845
1745AJ130;WW;33;70.64282845
1745AJ130;WW;34;70.24106067
1745AJ130;WW;35;70.64282845
1745AJ130;WW;36;70.24106067
1745AJ131;D;1;84.50381679
1745AJ131;D;5;88.1197268
1745AJ131;D;7;84.10204902
1745AJ131;D;8;84.10204902
1745AJ131;D;10;75.66492567
1745AJ131;D;11;75.66492567
1745AJ131;D;12;76.06669345
1745AJ131;D;13;76.06669345
1745AJ131;D;14;76.06669345
1745AJ131;D;15;76.06669345
1745AJ131;D;16;66.42426677
1745AJ131;D;17;58.38891121
1745AJ131;D;18;50.75532342
1745AJ131;D;19;45.93411008
1745AJ131;D;20;41.11289675
1745AJ131;D;21;36.29168341
1745AJ131;D;22;31.47047007
1745AJ131;D;23;27.05102451
1745AJ131;D;24;23.03334673
1745AJ133;D;1;82.4949779
1745AJ133;D;5;86.11088791
1745AJ133;D;7;82.09321012
1745AJ133;D;8;82.09321012
1745AJ133;D;10;74.05785456
1745AJ133;D;11;73.65608678
1745AJ133;D;12;74.05785456
1745AJ133;D;13;73.65608678
1745AJ133;D;14;73.65608678
1745AJ133;D;15;74.05785456
1745AJ133;D;16;64.41542788
1745AJ133;D;17;55.97830454
1745AJ133;D;18;47.5411812
1745AJ133;D;19;42.71996786
1745AJ133;D;20;37.89875452
1745AJ133;D;21;32.6757734
1745AJ133;D;22;28.25632784
1745AJ133;D;23;23.83688228
1745AJ133;D;24;19.8192045
1745AJ133;D;25;16.2032945
1745AJ133;D;26;12.58738449
1745AJ133;D;27;9.373242266
1745AJ133;D;28;6.15910004
1745AJ133;D;29;3.346725593
1745AJ133;D;30;23.83688228
1745AJ133;D;31;71.24548011
1745AJ133;D;32;73.85697067
1745AJ133;D;33;73.85697067
1745AJ133;D;34;73.45520289
1745AJ133;D;35;73.85697067
1745AJ133;D;36;73.45520289
1745AJ134;D;1;86.51265569
1745AJ134;D;5;90.53033347
1745AJ134;D;7;86.51265569
1745AJ134;D;8;86.11088791
1745AJ134;D;10;77.67376456
1745AJ134;D;11;78.07553234
1745AJ134;D;12;78.07553234
1745AJ134;D;13;78.07553234
1745AJ134;D;14;77.67376456
1745AJ134;D;15;77.67376456
1745AJ134;D;16;68.43310566
1745AJ134;D;17;60.3977501
1745AJ134;D;18;52.76416231
1745AJ134;D;19;47.94294898
1745AJ134;D;20;42.71996786
1745AJ134;D;21;37.89875452
1745AJ134;D;22;33.47930896
1745AJ134;D;23;29.0598634
1745AJ134;D;24;25.44395339
1745AJ134;D;25;21.82804339
1745AJ134;D;26;18.61390117
1745AJ134;D;27;15.39975894
1745AJ134;D;28;12.58738449
1745AJ134;D;29;9.775010044
1745AJ136;D;1;84.50381679
1745AJ136;D;5;85.30735235
1745AJ136;D;7;84.10204902
1745AJ136;D;8;84.10204902
1745AJ136;D;10;75.66492567
1745AJ136;D;11;75.66492567
1745AJ136;D;12;76.06669345
1745AJ136;D;13;76.06669345
1745AJ136;D;14;75.66492567
1745AJ136;D;15;75.66492567
1745AJ136;D;16;64.41542788
1745AJ136;D;17;53.96946565
1745AJ136;D;18;47.94294898
1745AJ136;D;19;42.31820008
1745AJ136;D;20;37.49698674
1745AJ136;D;21;32.27400562
1745AJ136;D;22;27.45279229
1745AJ136;D;23;23.4351145
1745AJ136;D;24;19.8192045
1745AJ136;D;25;16.60506227
1745AJ136;D;26;13.39092005
1745AJ136;D;27;10.5785456
1745AJ136;D;28;8.167938931
1745AJ136;D;29;5.757332262
1745AJ136;D;30;26.64925673
1745AJ136;D;31;72.85255123
1745AJ136;D;32;75.46404178
1745AJ136;D;33;75.86580956
1745AJ136;D;34;75.86580956
1745AJ136;D;35;75.86580956
1745AJ136;D;36;76.26757734
1745AJ136;D;37;76.26757734
1745AJ136;D;38;75.86580956
1745AJ136;D;39;75.46404178
1745AJ136;D;40;75.46404178
1745AJ136;D;41;75.46404178
1745AJ137;D;1;88.92326235
1745AJ137;D;5;92.53917236
1745AJ137;D;7;88.52149458
1745AJ137;D;8;88.52149458
1745AJ137;D;10;80.08437123
1745AJ137;D;11;80.48613901
1745AJ137;D;12;80.08437123
1745AJ137;D;13;80.08437123
1745AJ137;D;14;80.48613901
1745AJ137;D;15;80.48613901
1745AJ137;D;16;70.44194456
1745AJ137;D;17;61.60305344
1745AJ137;D;18;53.96946565
1745AJ137;D;19;47.5411812
1745AJ137;D;20;42.31820008
1745AJ137;D;21;37.09521896
1745AJ137;D;22;32.6757734
1745AJ137;D;23;28.65809562
1745AJ137;D;24;25.04218562
1745AJ137;D;25;21.82804339
1745AJ137;D;26;19.01566894
1745AJ137;D;27;15.80152672
1745AJ137;D;28;12.98915227
1745AJ137;D;29;10.5785456
1745AJ137;D;30;30.66693451
1745AJ137;D;31;77.67376456
1745AJ137;D;32;80.28525512
1745AJ137;D;33;80.28525512
1745AJ137;D;34;80.28525512
1745AJ137;D;35;80.28525512
1745AJ137;D;36;80.28525512
1745AJ137;D;37;80.28525512
1745AJ137;D;38;79.88348734
1745AJ137;D;39;80.28525512
1745AJ137;D;40;80.28525512
1745AJ137;D;41;80.28525512
1745AJ137;D;42;79.88348734
1745AJ137;D;43;79.88348734
1745AJ138;WW;1;84.90558457
1745AJ138;WW;5;89.32503013
1745AJ138;WW;7;84.50381679
1745AJ138;WW;8;84.90558457
1745AJ138;WW;10;76.46846123
1745AJ138;WW;11;76.46846123
1745AJ138;WW;12;76.46846123
1745AJ138;WW;13;76.46846123
1745AJ138;WW;14;76.46846123
1745AJ138;WW;15;76.46846123
1745AJ138;WW;16;76.06669345
1745AJ138;WW;17;76.46846123
1745AJ138;WW;18;76.06669345
1745AJ138;WW;19;76.06669345
1745AJ138;WW;20;76.06669345
1745AJ138;WW;21;76.06669345
1745AJ138;WW;22;76.06669345
1745AJ138;WW;23;76.06669345
1745AJ138;WW;24;76.06669345
1745AJ138;WW;25;75.66492567
1745AJ138;WW;26;76.06669345
1745AJ138;WW;27;75.66492567
1745AJ138;WW;28;76.06669345
1745AJ138;WW;29;65.21896344
1745AJ140;D;1;84.90558457
1745AJ140;D;5;89.32503013
1745AJ140;D;7;84.50381679
1745AJ140;D;8;84.50381679
1745AJ140;D;10;76.46846123
1745AJ140;D;11;76.46846123
1745AJ140;D;12;76.46846123
1745AJ140;D;13;76.46846123
1745AJ140;D;14;76.46846123
1745AJ140;D;15;76.06669345
1745AJ140;D;16;66.42426677
1745AJ140;D;17;58.38891121
1745AJ140;D;18;50.75532342
1745AJ140;D;19;45.93411008
1745AJ140;D;20;41.51466452
1745AJ140;D;21;36.69345119
1745AJ140;D;22;32.27400562
1745AJ140;D;23;28.25632784
1745AJ140;D;24;24.64041784
1745AJ140;D;25;21.42627561
1745AJ140;D;26;18.61390117
1745AJ140;D;27;16.2032945
1745AJ140;D;28;13.39092005
1745AJ140;D;29;11.38208116
1745AJ140;D;30;31.87223785
1745AJ140;D;31;73.65608678
1745AJ140;D;32;76.06669345
1745AJ140;D;33;76.06669345
1745AJ140;D;34;76.06669345
1745AJ140;D;35;76.06669345
1745AJ140;D;36;76.06669345
1745AJ140;D;37;76.06669345
1745AJ140;D;38;76.46846123
1745AJ140;D;39;75.66492567
1745AJ140;D;40;76.06669345
1745AJ140;D;41;76.06669345
1745AJ140;D;42;75.66492567
1745AJ140;D;43;75.66492567
1745AJ140;D;44;76.06669345
1745AJ141;D;1;83.70028124
1745AJ141;D;5;88.92326235
1745AJ141;D;7;83.70028124
1745AJ141;D;8;83.29851346
1745AJ141;D;10;74.86139012
1745AJ141;D;11;75.26315789
1745AJ141;D;12;74.86139012
1745AJ141;D;13;75.26315789
1745AJ141;D;14;75.26315789
1745AJ141;D;15;75.26315789
1745AJ141;D;16;65.21896344
1745AJ141;D;17;56.7818401
1745AJ141;D;18;48.74648453
1745AJ141;D;19;43.12173564
1745AJ141;D;20;37.09521896
1745AJ141;D;21;31.47047007
1745AJ141;D;22;26.64925673
1745AJ141;D;23;23.03334673
1745AJ141;D;24;19.8192045
1745AJ141;D;25;16.60506227
1745AJ141;D;26;14.1944556
1745AJ141;D;27;11.78384894
1745AJ141;D;28;9.373242266
1745AJ141;D;29;7.364403375
1745AJ141;D;30;28.25632784
1745AJ141;D;31;72.04901567
1745AJ141;D;32;75.06227401
1745AJ141;D;33;74.66050623
1745AJ141;D;34;75.06227401
1745AJ141;D;35;75.46404178
1745AJ141;D;36;75.06227401
1745AJ141;D;37;75.06227401
1745AJ141;D;38;75.06227401
1745AJ141;D;39;75.06227401
1745AJ141;D;40;75.06227401
1745AJ141;D;41;75.06227401
1745AJ141;D;42;75.06227401
1745AJ141;D;43;75.06227401
1745AJ141;D;44;75.06227401
1745AJ147;WW;1;80.88790679
1745AJ147;WW;5;85.30735235
1745AJ147;WW;7;80.48613901
1745AJ147;WW;8;80.48613901
1745AJ147;WW;10;72.04901567
1745AJ147;WW;11;72.45078345
1745AJ147;WW;12;72.45078345
1745AJ147;WW;13;72.04901567
1745AJ147;WW;14;72.45078345
1745AJ147;WW;15;72.04901567
1745AJ147;WW;16;72.04901567
1745AJ147;WW;17;72.45078345
1745AJ147;WW;18;72.04901567
1745AJ147;WW;19;72.04901567
1745AJ147;WW;20;72.04901567
1745AJ147;WW;21;72.04901567
1745AJ147;WW;22;72.45078345
1745AJ147;WW;23;72.04901567
1745AJ147;WW;24;72.04901567
1745AJ147;WW;25;72.45078345
1745AJ147;WW;26;72.04901567
1745AJ147;WW;27;72.04901567
1745AJ147;WW;28;72.04901567
1745AJ147;WW;29;72.04901567
1745AJ159;D;1;87.71795902
1745AJ159;D;5;90.12856569
1745AJ159;D;7;86.91442346
1745AJ159;D;8;87.31619124
1745AJ159;D;10;78.8790679
1745AJ159;D;11;79.28083568
1745AJ159;D;12;78.8790679
1745AJ159;D;13;79.28083568
1745AJ159;D;14;78.8790679
1745AJ159;D;15;78.8790679
1745AJ159;D;16;68.83487344
1745AJ159;D;17;59.59421454
1745AJ159;D;18;51.55885898
1745AJ159;D;19;46.33587786
1745AJ159;D;20;41.51466452
1745AJ159;D;21;36.69345119
1745AJ159;D;22;32.27400562
1745AJ159;D;23;28.25632784
1745AJ159;D;24;24.64041784
1745AJ159;D;25;21.02450783
1745AJ159;D;26;18.21213339
1745AJ159;D;27;14.99799116
1745AJ159;D;28;11.78384894
1745AJ159;D;29;9.373242266
1745AJ159;D;30;29.46163118
1745AJ159;D;31;76.46846123
1745AJ159;D;32;79.07995179
1745AJ159;D;33;78.67818401
1745AJ159;D;34;78.67818401
1745AJ159;D;35;78.67818401
1745AJ159;D;36;79.07995179
1745AJ161;WW;1;82.09321012
1745AJ161;WW;5;81.69144235
1745AJ161;WW;7;81.28967457
1745AJ161;WW;8;81.69144235
1745AJ161;WW;10;72.85255123
1745AJ161;WW;11;73.254319
1745AJ161;WW;12;72.85255123
1745AJ161;WW;13;73.254319
1745AJ161;WW;14;73.65608678
1745AJ161;WW;15;73.65608678
1745AJ162;D;1;80.08437123
1745AJ162;D;5;82.09321012
1745AJ162;D;7;79.68260346
1745AJ162;D;8;79.68260346
1745AJ162;D;10;71.24548011
1745AJ162;D;11;71.24548011
1745AJ162;D;12;71.64724789
1745AJ162;D;13;71.24548011
1745AJ162;D;14;71.64724789
1745AJ162;D;15;71.24548011
1745AJ162;D;16;59.59421454
1745AJ162;D;17;49.95178787
1745AJ162;D;18;41.51466452
1745AJ162;D;19;35.88991563
1745AJ162;D;20;30.26516673
1745AJ162;D;21;25.04218562
1745AJ162;D;22;20.22097228
1745AJ167;D;1;80.48613901
1745AJ167;D;5;83.29851346
1745AJ167;D;7;80.08437123
1745AJ167;D;8;80.48613901
1745AJ167;D;10;71.64724789
1745AJ167;D;11;72.04901567
1745AJ167;D;12;72.04901567
1745AJ167;D;13;72.04901567
1745AJ167;D;14;72.04901567
1745AJ167;D;15;72.04901567
1745AJ167;D;16;62.40658899
1745AJ167;D;17;53.96946565
1745AJ167;D;18;45.93411008
1745AJ167;D;19;41.11289675
1745AJ167;D;20;36.69345119
1745AJ167;D;21;32.27400562
1745AJ167;D;22;27.85456006
1745AJ167;D;23;24.64041784
1745AJ167;D;24;21.42627561
1745AJ167;D;25;18.61390117
1745AJ167;D;26;15.80152672
1745AJ167;D;27;13.39092005
1745AJ168;D;1;89.32503013
1745AJ168;D;5;91.7356368
1745AJ168;D;7;88.92326235
1745AJ168;D;8;88.92326235
1745AJ168;D;10;80.48613901
1745AJ168;D;11;80.48613901
1745AJ168;D;12;80.48613901
1745AJ168;D;13;80.88790679
1745AJ168;D;14;80.48613901
1745AJ168;D;15;80.88790679
1745AJ168;D;16;70.04017678
1745AJ168;D;17;60.79951788
1745AJ168;D;18;52.36239454
1745AJ168;D;19;46.73764564
1745AJ168;D;20;41.11289675
1745AJ168;D;21;35.88991563
1745AJ168;D;22;31.47047007
1745AJ168;D;23;27.85456006
1745AJ168;D;24;24.64041784
1745AJ170;D;1;81.28967457
1745AJ170;D;5;85.30735235
1745AJ170;D;7;80.88790679
1745AJ170;D;8;80.88790679
1745AJ170;D;10;72.45078345
1745AJ170;D;11;72.85255123
1745AJ170;D;12;72.45078345
1745AJ170;D;13;72.85255123
1745AJ170;D;14;72.45078345
1745AJ170;D;15;72.85255123
1745AJ170;D;16;63.21012455
1745AJ170;D;17;54.77300121
1745AJ170;D;18;47.94294898
1745AJ170;D;19;42.71996786
1745AJ170;D;20;38.3005223
1745AJ170;D;21;33.07754118
1745AJ170;D;22;28.25632784
1745AJ170;D;23;23.83688228
1745AJ170;D;24;20.22097228
1745AJ170;D;25;17.00683005
1745AJ170;D;26;13.79268783
1745AJ170;D;27;10.5785456
1745AJ170;D;28;7.364403375
1745AJ170;D;29;4.953796706
1745AJ170;D;30;25.44395339
1745AJ170;D;31;70.44194456
1745AJ170;D;32;72.65166734
1745AJ170;D;33;72.24989956
1745AJ170;D;34;72.24989956
1745AJ170;D;35;72.65166734
1745AJ170;D;36;72.65166734
1745AJ170;D;37;72.65166734
1745AJ170;D;38;72.24989956
1745AJ170;D;39;72.65166734
1745AJ170;D;40;72.24989956
1745AJ170;D;41;72.24989956
1745AJ170;D;42;72.24989956
1745AJ170;D;43;72.65166734
1745AJ170;D;44;72.24989956
1745AJ175;WW;1;91.7356368
1745AJ175;WW;5;96.15508236
1745AJ175;WW;7;91.7356368
1745AJ175;WW;8;91.7356368
1745AJ175;WW;10;83.29851346
1745AJ175;WW;11;83.29851346
1745AJ175;WW;12;83.29851346
1745AJ175;WW;13;83.29851346
1745AJ175;WW;14;83.29851346
1745AJ175;WW;15;82.89674568
1745AJ175;WW;16;83.29851346
1745AJ175;WW;17;83.29851346
1745AJ175;WW;18;82.89674568
1745AJ175;WW;19;83.29851346
1745AJ175;WW;20;82.89674568
1745AJ175;WW;21;82.89674568
1745AJ175;WW;22;82.89674568
1745AJ175;WW;23;82.89674568
1745AJ175;WW;24;82.89674568
1745AJ175;WW;25;83.29851346
1745AJ175;WW;26;82.89674568
1745AJ175;WW;27;82.89674568
1745AJ175;WW;28;82.89674568
1745AJ175;WW;29;82.89674568
1745AJ175;WW;30;82.89674568
1745AJ175;WW;31;82.89674568
1745AJ175;WW;32;83.29851346
1745AJ175;WW;33;82.89674568
1745AJ175;WW;34;82.4949779
1745AJ175;WW;35;82.89674568
1745AJ175;WW;36;82.89674568
1745AJ175;WW;37;83.29851346
1745AJ175;WW;38;82.89674568
1745AJ175;WW;39;82.89674568
1745AJ175;WW;40;82.89674568
1745AJ175;WW;41;82.89674568
1745AJ175;WW;42;82.4949779
1745AJ175;WW;43;82.4949779
1745AJ175;WW;44;82.4949779
1745AJ176;D;1;86.11088791
1745AJ176;D;5;89.32503013
1745AJ176;D;7;85.70912013
1745AJ176;D;8;85.70912013
1745AJ176;D;10;77.27199679
1745AJ176;D;11;77.67376456
1745AJ176;D;12;77.27199679
1745AJ176;D;13;77.67376456
1745AJ176;D;14;77.27199679
1745AJ176;D;15;77.27199679
1745AJ176;D;16;66.82603455
1745AJ176;D;17;57.18360787
1745AJ176;D;18;49.95178787
1745AJ176;D;19;43.92527119
1745AJ176;D;20;37.89875452
1745AJ176;D;21;32.27400562
1745AJ176;D;22;27.85456006
1745AJ176;D;23;23.83688228
1745AJ176;D;24;20.62274006
1745AJ176;D;25;17.81036561
1745AJ176;D;26;15.39975894
1745AJ176;D;27;12.98915227
1745AJ176;D;28;10.98031338
1745AJ176;D;29;8.971474488
1745AJ176;D;30;29.86339896
1745AJ176;D;31;75.26315789
1745AJ176;D;32;77.47288067
1745AJ176;D;33;77.87464845
1745AJ176;D;34;77.87464845
1745AJ176;D;35;77.87464845
1745AJ176;D;36;77.87464845
1745AJ176;D;37;77.87464845
1745AJ176;D;38;77.47288067
1745AJ178;WW;1;76.46846123
1745AJ178;WW;5;80.48613901
1745AJ178;WW;7;76.06669345
1745AJ178;WW;8;76.06669345
1745AJ178;WW;10;68.03133789
1745AJ178;WW;11;68.03133789
1745AJ178;WW;12;68.03133789
1745AJ178;WW;13;68.03133789
1745AJ178;WW;14;68.03133789
1745AJ178;WW;15;67.62957011
1745AJ178;WW;16;67.62957011
1745AJ178;WW;17;68.03133789
1745AJ178;WW;18;67.62957011
1745AJ178;WW;19;68.03133789
1745AJ178;WW;20;67.62957011
1745AJ178;WW;21;67.62957011
1745AJ178;WW;22;67.62957011
1745AJ179;D;1;87.71795902
1745AJ179;D;5;91.33386902
1745AJ179;D;7;86.91442346
1745AJ179;D;8;87.31619124
1745AJ179;D;10;78.8790679
1745AJ179;D;11;79.28083568
1745AJ179;D;12;79.28083568
1745AJ179;D;13;78.8790679
1745AJ179;D;14;79.28083568
1745AJ179;D;15;79.28083568
1745AJ179;D;16;70.04017678
1745AJ179;D;17;62.00482121
1745AJ179;D;18;54.37123343
1745AJ179;D;19;50.35355564
1745AJ179;D;20;45.53234231
1745AJ179;D;21;41.11289675
1745AJ179;D;22;37.09521896
1745AJ179;D;23;33.47930896
1745AJ179;D;24;29.86339896
1745AJ179;D;25;27.05102451
1745AJ179;D;26;23.83688228
1745AJ179;D;27;21.42627561
1745AJ179;D;28;18.61390117
1745AJ179;D;29;16.2032945
1745AJ179;D;30;36.69345119
1745AJ179;D;31;76.87022901
1745AJ181;D;1;86.11088791
1745AJ181;D;5;90.53033347
1745AJ181;D;7;85.70912013
1745AJ181;D;8;85.70912013
1745AJ181;D;10;77.67376456
1745AJ181;D;11;77.67376456
1745AJ181;D;12;77.27199679
1745AJ181;D;13;77.27199679
1745AJ181;D;14;77.27199679
1745AJ181;D;15;77.67376456
1745AJ181;D;16;68.43310566
1745AJ181;D;17;59.99598232
1745AJ181;D;18;51.96062676
1745AJ181;D;19;46.33587786
1745AJ181;D;20;41.11289675
1745AJ183;D;1;87.71795902
1745AJ183;D;5;90.12856569
1745AJ183;D;7;87.31619124
1745AJ183;D;8;87.31619124
1745AJ183;D;10;78.8790679
1745AJ183;D;11;78.8790679
1745AJ183;D;12;78.8790679
1745AJ183;D;13;78.8790679
1745AJ183;D;14;79.28083568
1745AJ183;D;15;78.8790679
1745AJ183;D;16;69.23664122
1745AJ183;D;17;60.3977501
1745AJ183;D;18;53.96946565
1745AJ183;D;19;49.14825231
1745AJ183;D;20;44.72880675
1745AJ183;D;21;39.50582563
1745AJ183;D;22;35.48814785
1745AJ183;D;23;31.47047007
1745AJ183;D;24;27.85456006
1745AJ183;D;25;25.04218562
1745AJ183;D;26;22.22981117
1745AJ183;D;27;19.8192045
1745AJ183;D;28;17.00683005
1745AJ183;D;29;14.99799116
1745AJ183;D;30;35.48814785
1745AJ183;D;31;76.46846123
1745AJ183;D;32;79.07995179
1745AJ183;D;33;78.67818401
1745AJ183;D;34;79.07995179
1745AJ184;D;1;89.32503013
1745AJ184;D;5;90.93210125
1745AJ184;D;7;88.92326235
1745AJ184;D;8;88.92326235
1745AJ184;D;10;80.48613901
1745AJ184;D;11;80.88790679
1745AJ184;D;12;80.48613901
1745AJ184;D;13;80.48613901
1745AJ184;D;14;80.48613901
1745AJ184;D;15;80.48613901
1745AJ184;D;16;70.44194456
1745AJ184;D;17;61.20128566
1745AJ184;D;18;53.16593009
1745AJ184;D;19;47.5411812
1745AJ184;D;20;42.31820008
1745AJ184;D;21;37.09521896
1745AJ184;D;22;32.6757734
1745AJ184;D;23;28.65809562
1745AJ184;D;24;25.04218562
1745AJ184;D;25;21.82804339
1745AJ184;D;26;19.01566894
1745AJ184;D;27;16.60506227
1745AJ184;D;28;14.1944556
1745AJ184;D;29;11.78384894
1745AJ184;D;30;32.27400562
1745AJ184;D;31;78.47730012
1745AJ184;D;32;80.6870229
1745AJ184;D;33;80.6870229
1745AJ184;D;34;81.08879068
1745AJ184;D;35;80.6870229
1745AJ184;D;36;81.08879068
1745AJ184;D;37;80.6870229
1745AJ184;D;38;80.6870229
1745AJ184;D;39;80.6870229
1745AJ184;D;40;80.28525512
1745AJ184;D;41;80.28525512
1745AJ185;D;1;88.1197268
1745AJ185;D;5;90.12856569
1745AJ185;D;7;87.71795902
1745AJ185;D;8;87.71795902
1745AJ185;D;10;79.28083568
1745AJ185;D;11;79.68260346
1745AJ185;D;12;79.68260346
1745AJ185;D;13;79.28083568
1745AJ185;D;14;79.28083568
1745AJ185;D;15;79.28083568
1745AJ185;D;16;69.23664122
1745AJ185;D;17;59.19244677
1745AJ185;D;18;50.75532342
1745AJ185;D;19;45.93411008
1745AJ185;D;20;41.11289675
1745AJ185;D;21;36.29168341
1745AJ185;D;22;32.27400562
1745AJ185;D;23;28.65809562
1745AJ185;D;24;25.44395339
1745AJ185;D;25;22.22981117
1745AJ185;D;26;19.41743672
1745AJ185;D;27;16.60506227
1745AJ185;D;28;13.79268783
1745AJ185;D;29;11.38208116
1745AJ185;D;30;32.27400562
1745AJ185;D;31;76.87022901
1745AJ185;D;32;79.48171957
1745AJ185;D;33;79.48171957
1745AJ185;D;34;79.48171957
1745AJ185;D;35;79.48171957
1745AJ185;D;36;79.48171957
1745AJ185;D;37;79.48171957
1745AJ185;D;38;79.07995179
1745AJ185;D;39;79.07995179
1745AJ185;D;40;79.48171957
1745AJ185;D;41;79.48171957
1745AJ185;D;42;79.07995179
1745AJ185;D;43;79.07995179
1745AJ188;WW;1;83.29851346
1745AJ188;WW;5;85.70912013
1745AJ188;WW;7;82.89674568
1745AJ188;WW;8;82.89674568
1745AJ188;WW;10;74.86139012
1745AJ188;WW;11;74.86139012
1745AJ188;WW;12;74.86139012
1745AJ188;WW;13;74.45962234
1745AJ188;WW;14;74.86139012
1745AJ188;WW;15;74.05785456
1745AJ188;WW;16;74.86139012
1745AJ188;WW;17;74.45962234
1745AJ188;WW;18;74.45962234
1745AJ188;WW;19;74.45962234
1745AJ188;WW;20;74.45962234
1745AJ188;WW;21;74.45962234
1745AJ188;WW;22;74.45962234
1745AJ188;WW;23;74.86139012
1745AJ188;WW;24;74.45962234
1745AJ188;WW;25;74.45962234
1745AJ188;WW;26;74.05785456
1745AJ188;WW;27;74.05785456
1745AJ188;WW;28;74.45962234
1745AJ188;WW;29;74.45962234
1745AJ188;WW;30;74.45962234
1745AJ188;WW;31;74.45962234
1745AJ188;WW;32;74.66050623
1745AJ188;WW;33;74.66050623
1745AJ188;WW;34;74.66050623
1745AJ188;WW;35;75.06227401
1745AJ188;WW;36;74.66050623
1745AJ188;WW;37;74.66050623
1745AJ188;WW;38;75.06227401
1745AJ188;WW;39;74.66050623
1745AJ188;WW;40;74.66050623
1745AJ188;WW;41;74.66050623
1745AJ188;WW;42;74.66050623
1745AJ188;WW;43;74.66050623
1745AJ188;WW;44;74.25873845
1745AJ194;D;1;89.32503013
1745AJ194;D;5;93.74447569
1745AJ194;D;7;88.52149458
1745AJ194;D;8;88.92326235
1745AJ194;D;10;80.88790679
1745AJ194;D;11;80.88790679
1745AJ194;D;12;80.88790679
1745AJ194;D;13;80.48613901
1745AJ194;D;14;80.48613901
1745AJ194;D;15;80.48613901
1745AJ194;D;16;71.24548011
1745AJ194;D;17;62.40658899
1745AJ194;D;18;53.96946565
1745AJ194;D;19;47.94294898
1745AJ194;D;20;43.12173564
1745AJ194;D;21;37.49698674
1745AJ194;D;22;32.6757734
1745AJ194;D;23;28.65809562
1745AJ194;D;24;25.04218562
1745AJ194;D;25;21.82804339
1745AJ194;D;26;19.01566894
1745AJ194;D;27;16.2032945
1745AJ194;D;28;13.79268783
1745AJ194;D;29;11.78384894
1745AJ194;D;30;32.27400562
1745AJ194;D;31;78.47730012
1745AJ194;D;32;80.6870229
1745AJ194;D;33;80.6870229
1745AJ194;D;34;80.6870229
1745AJ194;D;35;80.6870229
1745AJ194;D;36;80.6870229
1745AJ194;D;37;80.6870229
1745AJ194;D;38;80.28525512
1745AJ194;D;39;80.28525512
1745AJ194;D;40;80.6870229
1745AJ194;D;41;80.28525512
1745AJ195;WW;1;82.4949779
1745AJ195;WW;5;87.31619124
1745AJ195;WW;7;82.09321012
1745AJ195;WW;8;82.09321012
1745AJ195;WW;10;73.65608678
1745AJ195;WW;11;73.65608678
1745AJ195;WW;12;73.65608678
1745AJ195;WW;13;73.65608678
1745AJ195;WW;14;73.65608678
1745AJ195;WW;15;74.05785456
1745AJ197;D;1;87.31619124
1745AJ197;D;5;90.12856569
1745AJ197;D;7;86.51265569
1745AJ197;D;8;86.91442346
1745AJ197;D;10;78.47730012
1745AJ197;D;11;78.8790679
1745AJ197;D;12;78.47730012
1745AJ197;D;13;78.47730012
1745AJ197;D;14;78.8790679
1745AJ197;D;15;78.8790679
1745AJ197;D;16;68.43310566
1745AJ197;D;17;58.79067899
1745AJ197;D;18;51.96062676
1745AJ197;D;19;47.13941342
1745AJ197;D;20;42.31820008
1745AJ197;D;21;37.49698674
1745AJ197;D;22;32.6757734
1745AJ197;D;23;28.65809562
1745AJ197;D;24;25.04218562
1745AJ197;D;25;21.42627561
1745AJ197;D;26;18.61390117
1745AJ197;D;27;15.80152672
1745AJ197;D;28;12.98915227
1745AJ197;D;29;10.5785456
1745AJ197;D;30;31.06870229
1745AJ197;D;31;76.46846123
1745AJ197;D;32;78.67818401
1745AJ197;D;33;78.67818401
1745AJ197;D;34;78.67818401
1745AJ197;D;35;78.67818401
1745AJ197;D;36;78.67818401
1745AJ200;D;1;83.29851346
1745AJ200;D;5;86.91442346
1745AJ200;D;7;82.89674568
1745AJ200;D;8;82.89674568
1745AJ200;D;10;74.86139012
1745AJ200;D;11;74.45962234
1745AJ200;D;12;74.86139012
1745AJ200;D;13;74.45962234
1745AJ200;D;14;74.86139012
1745AJ200;D;15;74.86139012
1745AJ200;D;16;66.022499
1745AJ200;D;17;57.58537565
1745AJ201;WW;1;83.29851346
1745AJ201;WW;5;86.91442346
1745AJ201;WW;7;83.29851346
1745AJ201;WW;8;83.29851346
1745AJ201;WW;10;74.86139012
1745AJ201;WW;11;75.26315789
1745AJ201;WW;12;75.26315789
1745AJ201;WW;13;75.26315789
1745AJ201;WW;14;74.86139012
1745AJ201;WW;15;75.26315789
1745AJ201;WW;16;75.26315789
1745AJ201;WW;17;74.86139012
1745AJ201;WW;18;74.86139012
1745AJ201;WW;19;74.86139012
1745AJ201;WW;20;74.86139012
1745AJ201;WW;21;75.26315789
1745AJ201;WW;22;74.86139012
1745AJ203;D;1;85.30735235
1745AJ203;D;5;88.52149458
1745AJ203;D;7;84.90558457
1745AJ203;D;8;84.90558457
1745AJ203;D;10;76.46846123
1745AJ203;D;11;76.46846123
1745AJ203;D;12;76.87022901
1745AJ203;D;13;76.46846123
1745AJ203;D;14;76.46846123
1745AJ203;D;15;76.46846123
1745AJ203;D;16;67.22780233
1745AJ203;D;17;58.38891121
1745AJ203;D;18;49.95178787
1745AJ203;D;19;44.72880675
1745AJ203;D;20;40.30936119
1745AJ203;D;21;35.08638007
1745AJ203;D;22;30.66693451
1745AJ203;D;23;26.64925673
1745AJ203;D;24;23.03334673
1745AJ203;D;25;20.22097228
1745AJ203;D;26;17.40859783
1745AJ203;D;27;14.99799116
1745AJ203;D;28;12.58738449
1745AJ203;D;29;10.17677782
1745AJ203;D;30;30.66693451
1745AJ203;D;31;74.45962234
1745AJ203;D;32;76.66934512
1745AJ203;D;33;76.66934512
1745AJ203;D;34;76.66934512
1745AJ203;D;35;77.0711129
1745AJ203;D;36;76.66934512
1745AJ203;D;37;76.66934512
1745AJ203;D;38;76.66934512
1745AJ203;D;39;76.66934512
1745AJ203;D;40;76.26757734
1745AJ203;D;41;76.66934512
1745AJ203;D;42;76.26757734
1745AJ203;D;43;76.26757734
1745AJ203;D;44;76.26757734
1745AJ210;D;1;90.93210125
1745AJ210;D;5;94.14624347
1745AJ210;D;7;90.53033347
1745AJ210;D;8;90.53033347
1745AJ210;D;10;82.4949779
1745AJ210;D;11;82.4949779
1745AJ210;D;12;82.09321012
1745AJ210;D;13;82.4949779
1745AJ210;D;14;82.09321012
1745AJ210;D;15;82.09321012
1745AJ210;D;16;73.254319
1745AJ210;D;17;64.41542788
1745AJ210;D;18;56.38007232
1745AJ210;D;19;51.1570912
1745AJ210;D;20;46.33587786
1745AJ210;D;21;41.51466452
1745AJ210;D;22;37.09521896
1745AJ210;D;23;33.47930896
1745AJ210;D;24;29.46163118
1745AJ210;D;25;26.24748895
1745AJ210;D;26;23.03334673
1745AJ210;D;27;20.22097228
1745AJ210;D;28;17.40859783
1745AJ210;D;29;14.59622338
1745AJ210;D;30;34.68461229
1745AJ210;D;31;79.28083568
1745AJ211;WW;1;90.93210125
1745AJ211;WW;5;94.94977903
1745AJ211;WW;7;90.53033347
1745AJ211;WW;8;90.53033347
1745AJ211;WW;10;82.4949779
1745AJ211;WW;11;82.4949779
1745AJ211;WW;12;82.09321012
1745AJ211;WW;13;82.4949779
1745AJ211;WW;14;82.4949779
1745AJ211;WW;15;82.4949779
1745AJ211;WW;16;82.4949779
1745AJ211;WW;17;82.09321012
1745AJ211;WW;18;82.4949779
1745AJ211;WW;19;82.09321012
1745AJ211;WW;20;82.09321012
1745AJ211;WW;21;82.09321012
1745AJ211;WW;22;82.09321012
1745AJ211;WW;23;82.09321012
1745AJ211;WW;24;82.09321012
1745AJ211;WW;25;82.09321012
1745AJ211;WW;26;82.09321012
1745AJ211;WW;27;81.69144235
1745AJ211;WW;28;82.09321012
1745AJ211;WW;29;82.4949779
1745AJ211;WW;30;82.09321012
1745AJ211;WW;31;82.09321012
1745AJ211;WW;32;82.29409401
1745AJ211;WW;33;82.29409401
1745AJ211;WW;34;82.29409401
1745AJ211;WW;35;81.89232624
1745AJ211;WW;36;82.29409401
1745AJ214;D;1;98.96745681
1745AJ214;D;5;101.3780635
1745AJ214;D;7;98.16392125
1745AJ214;D;8;98.56568903
1745AJ214;D;10;90.12856569
1745AJ214;D;11;90.53033347
1745AJ214;D;12;90.12856569
1745AJ214;D;13;90.53033347
1745AJ214;D;14;90.12856569
1745AJ214;D;15;90.12856569
1745AJ214;D;16;80.48613901
1745AJ214;D;17;70.84371233
1745AJ214;D;18;62.40658899
1745AJ214;D;19;57.18360787
1745AJ214;D;20;52.76416231
1745AJ214;D;21;47.5411812
1745AJ214;D;22;43.12173564
1745AJ214;D;23;39.10405785
1745AJ214;D;24;35.08638007
1745AJ214;D;25;31.87223785
1745AJ214;D;26;28.65809562
1745AJ214;D;27;25.44395339
1745AJ214;D;28;22.63157895
1745AJ214;D;29;20.22097228
1745AJ214;D;30;40.30936119
1745AJ214;D;31;88.1197268
1745AJ214;D;32;90.32944958
1745AJ214;D;33;90.32944958
1745AJ214;D;34;89.9276818
1745AJ214;D;35;90.32944958
1745AJ214;D;36;90.32944958
1745AJ214;D;37;90.32944958
1745AJ214;D;38;90.32944958
1745AJ214;D;39;90.32944958
1745AJ214;D;40;89.9276818
1745AJ214;D;41;89.9276818
1745AJ214;D;42;90.32944958
1745AJ214;D;43;89.52591402
1745AJ216;D;1;90.93210125
1745AJ216;D;5;93.74447569
1745AJ216;D;7;90.53033347
1745AJ216;D;8;90.53033347
1745AJ216;D;10;82.09321012
1745AJ216;D;11;82.4949779
1745AJ216;D;12;82.09321012
1745AJ216;D;13;82.4949779
1745AJ216;D;14;82.4949779
1745AJ216;D;15;82.09321012
1745AJ216;D;16;72.45078345
1745AJ216;D;17;63.61189233
1745AJ216;D;18;56.7818401
1745AJ216;D;19;51.96062676
1745AJ216;D;20;47.13941342
1745AJ216;D;21;41.9164323
1745AJ216;D;22;37.49698674
1745AJ216;D;23;33.47930896
1745AJ216;D;24;29.86339896
1745AJ216;D;25;26.64925673
1745AJ216;D;26;23.83688228
1745AJ216;D;27;21.02450783
1745AJ216;D;28;18.61390117
1745AJ216;D;29;15.80152672
1745AJ216;D;30;36.69345119
1745AJ216;D;31;80.08437123
1745AJ216;D;32;81.89232624
1745AJ216;D;33;82.69586179
1745AJ216;D;34;82.29409401
1745AJ216;D;35;82.69586179
1745AJ216;D;36;81.89232624
1745AJ216;D;37;82.29409401
1745AJ216;D;38;82.29409401
1745AJ216;D;39;81.89232624
1745AJ216;D;40;81.89232624
1745AJ216;D;41;82.29409401
1745AJ216;D;42;81.89232624
1745AJ216;D;43;82.29409401
1745AJ216;D;44;81.89232624
1745AJ217;D;1;85.30735235
1745AJ217;D;5;89.32503013
1745AJ217;D;7;85.30735235
1745AJ217;D;8;84.90558457
1745AJ217;D;10;76.87022901
1745AJ217;D;11;77.27199679
1745AJ217;D;12;77.27199679
1745AJ217;D;13;76.87022901
1745AJ217;D;14;77.27199679
1745AJ217;D;15;77.27199679
1745AJ217;D;16;68.03133789
1745AJ217;D;17;59.19244677
1745AJ217;D;18;51.1570912
1745AJ217;D;19;45.93411008
1745AJ217;D;20;41.11289675
1745AJ217;D;21;36.29168341
1745AJ217;D;22;32.27400562
1745AJ217;D;23;28.25632784
1745AJ217;D;24;24.64041784
1745AJ217;D;25;21.42627561
1745AJ217;D;26;18.61390117
1745AJ217;D;27;15.80152672
1745AJ217;D;28;13.39092005
1745AJ217;D;29;10.5785456
1745AJ217;D;30;31.47047007
1745AJ217;D;31;74.86139012
1745AJ217;D;32;77.47288067
1745AJ217;D;33;77.0711129
1745AJ217;D;34;77.0711129
1745AJ217;D;35;77.47288067
1745AJ217;D;36;77.0711129
1745AJ217;D;37;77.0711129
1745AJ217;D;38;77.0711129
1745AJ217;D;39;76.66934512
1745AJ217;D;40;76.66934512
1745AJ217;D;41;76.66934512
1745AJ217;D;42;76.66934512
1745AJ217;D;43;76.66934512
1745AJ217;D;44;76.66934512
1745AJ220;WW;1;86.11088791
1745AJ220;WW;5;89.72679791
1745AJ220;WW;7;85.70912013
1745AJ220;WW;8;85.70912013
1745AJ220;WW;10;77.27199679
1745AJ220;WW;11;77.67376456
1745AJ220;WW;12;77.27199679
1745AJ220;WW;13;77.67376456
1745AJ220;WW;14;77.27199679
1745AJ220;WW;15;77.67376456
1745AJ224;D;1;93.74447569
1745AJ224;D;5;96.55685014
1745AJ224;D;7;92.94094014
1745AJ224;D;8;93.34270791
1745AJ224;D;10;84.90558457
1745AJ224;D;11;85.30735235
1745AJ224;D;12;84.90558457
1745AJ224;D;13;84.90558457
1745AJ224;D;14;85.30735235
1745AJ224;D;15;85.30735235
1745AJ224;D;16;76.06669345
1745AJ224;D;17;66.82603455
1745AJ224;D;18;58.38891121
1745AJ224;D;19;51.96062676
1745AJ224;D;20;46.73764564
1745AJ224;D;21;41.51466452
1745AJ224;D;22;36.69345119
1745AJ224;D;23;32.6757734
1745AJ224;D;24;29.0598634
1745AJ224;D;25;25.44395339
1745AJ224;D;26;22.22981117
1745AJ224;D;27;19.41743672
1745AJ226;WW;1;91.33386902
1745AJ226;WW;5;94.54801125
1745AJ226;WW;7;90.93210125
1745AJ226;WW;8;90.93210125
1745AJ226;WW;10;82.4949779
1745AJ226;WW;11;82.89674568
1745AJ226;WW;12;82.4949779
1745AJ226;WW;13;82.4949779
1745AJ226;WW;14;82.89674568
1745AJ226;WW;15;82.89674568
1745AJ226;WW;16;82.4949779
1745AJ226;WW;17;82.89674568
1745AJ226;WW;18;82.4949779
1745AJ226;WW;19;82.4949779
1745AJ226;WW;20;82.4949779
1745AJ226;WW;21;82.4949779
1745AJ226;WW;22;82.4949779
1745AJ226;WW;23;82.4949779
1745AJ226;WW;24;82.4949779
1745AJ226;WW;25;82.4949779
1745AJ226;WW;26;82.4949779
1745AJ226;WW;27;82.09321012
1745AJ226;WW;28;82.4949779
1745AJ226;WW;29;82.4949779
1745AJ226;WW;30;82.4949779
1745AJ226;WW;31;82.4949779
1745AJ226;WW;32;82.09321012
1745AJ226;WW;33;82.4949779
1745AJ226;WW;34;82.89674568
1745AJ226;WW;35;82.4949779
1745AJ226;WW;36;82.4949779
1745AJ226;WW;37;82.4949779
1745AJ226;WW;38;82.09321012
1745AJ226;WW;39;82.4949779
1745AJ226;WW;40;82.09321012
1745AJ226;WW;41;82.4949779
1745AJ226;WW;42;82.09321012
1745AJ226;WW;43;82.4949779
1745AJ226;WW;44;82.09321012
1745AJ232;D;1;76.06669345
1745AJ232;D;5;79.68260346
1745AJ232;D;7;75.66492567
1745AJ232;D;8;75.66492567
1745AJ232;D;10;67.62957011
1745AJ232;D;11;68.03133789
1745AJ232;D;12;67.22780233
1745AJ232;D;13;67.62957011
1745AJ232;D;14;67.62957011
1745AJ232;D;15;67.62957011
1745AJ232;D;16;58.79067899
1745AJ232;D;17;50.75532342
1745AJ232;D;18;42.71996786
1745AJ232;D;19;37.09521896
1745AJ232;D;20;32.6757734
1745AJ234;D;1;84.50381679
1745AJ234;D;5;88.92326235
1745AJ234;D;7;84.50381679
1745AJ234;D;8;84.10204902
1745AJ234;D;10;76.06669345
1745AJ234;D;11;76.06669345
1745AJ234;D;12;76.06669345
1745AJ234;D;13;76.06669345
1745AJ234;D;14;76.06669345
1745AJ234;D;15;75.66492567
1745AJ234;D;16;67.22780233
1745AJ234;D;17;59.19244677
1745AJ234;D;18;51.55885898
1745AJ234;D;19;45.53234231
1745AJ234;D;20;40.71112897
1745AJ234;D;21;35.48814785
1745AJ234;D;22;31.06870229
1745AJ234;D;23;27.05102451
1745AJ234;D;24;23.03334673
1745AJ234;D;25;19.41743672
1745AJ234;D;26;15.80152672
1745AJ234;D;27;12.58738449
1745AJ234;D;28;9.775010044
1745AJ234;D;29;6.962635597
1745AJ234;D;30;27.05102451
1745AJ234;D;31;73.254319
1745AJ234;D;32;75.86580956
1745AJ234;D;33;76.26757734
1745AJ234;D;34;76.26757734
1745AJ234;D;35;75.86580956
1745AJ234;D;36;75.86580956
1745AJ234;D;37;75.86580956
1745AJ234;D;38;75.46404178
1745AJ234;D;39;75.86580956
1745AJ234;D;40;75.46404178
1745AJ234;D;41;75.86580956
1745AJ234;D;42;75.86580956
1745AJ234;D;43;75.46404178
1745AJ234;D;44;75.46404178
1745AJ237;D;1;91.7356368
1745AJ237;D;5;94.14624347
1745AJ237;D;7;91.33386902
1745AJ237;D;8;91.7356368
1745AJ237;D;10;83.29851346
1745AJ237;D;11;83.29851346
1745AJ237;D;12;83.29851346
1745AJ237;D;13;82.89674568
1745AJ237;D;14;82.89674568
1745AJ237;D;15;83.29851346
1745AJ237;D;16;74.05785456
1745AJ237;D;17;65.21896344
1745AJ237;D;18;57.58537565
1745AJ237;D;19;51.96062676
1745AJ237;D;20;46.73764564
1745AJ237;D;21;41.9164323
1745AJ237;D;22;37.09521896
1745AJ237;D;23;32.6757734
1745AJ237;D;24;29.0598634
1745AJ237;D;25;25.44395339
1745AJ237;D;26;22.22981117
1745AJ237;D;27;19.01566894
1745AJ237;D;28;16.2032945
1745AJ237;D;29;13.79268783
1745AJ240;WW;1;84.90558457
1745AJ240;WW;5;87.71795902
1745AJ240;WW;7;84.10204902
1745AJ240;WW;8;84.50381679
1745AJ240;WW;10;76.46846123
1745AJ240;WW;11;76.46846123
1745AJ240;WW;12;76.46846123
1745AJ240;WW;13;76.46846123
1745AJ240;WW;14;76.06669345
1745AJ240;WW;15;76.06669345
1745AJ240;WW;16;76.46846123
1745AJ240;WW;17;76.46846123
1745AJ240;WW;18;76.46846123
1745AJ240;WW;19;76.46846123
1745AJ240;WW;20;76.06669345
1745AJ240;WW;21;76.46846123
1745AJ240;WW;22;76.06669345
1745AJ240;WW;23;76.06669345
1745AJ240;WW;24;76.46846123
1745AJ240;WW;25;76.06669345
1745AJ240;WW;26;76.06669345
1745AJ240;WW;27;76.06669345
1745AJ240;WW;28;76.06669345
1745AJ240;WW;29;76.06669345
1745AJ240;WW;30;76.06669345
1745AJ240;WW;31;76.06669345
1745AJ240;WW;32;76.26757734
1745AJ240;WW;33;75.86580956
1745AJ240;WW;34;75.86580956
1745AJ240;WW;35;76.26757734
1745AJ240;WW;36;76.26757734
1745AJ240;WW;37;76.26757734
1745AJ240;WW;38;76.26757734
1745AJ240;WW;39;75.86580956
1745AJ240;WW;40;75.46404178
1745AJ240;WW;41;75.86580956
1745AJ240;WW;42;75.46404178
1745AJ240;WW;43;75.46404178
1745AJ240;WW;44;75.86580956
1745AJ244;WW;1;84.50381679
1745AJ244;WW;5;88.92326235
1745AJ244;WW;7;84.10204902
1745AJ244;WW;8;84.10204902
1745AJ244;WW;10;75.66492567
1745AJ244;WW;11;76.06669345
1745AJ244;WW;12;76.06669345
1745AJ244;WW;13;75.66492567
1745AJ244;WW;14;76.06669345
1745AJ244;WW;15;76.06669345
1745AJ244;WW;16;76.06669345
1745AJ244;WW;17;75.66492567
1745AJ244;WW;18;76.06669345
1745AJ244;WW;19;75.66492567
1745AJ244;WW;20;75.66492567
1745AJ244;WW;21;76.06669345
1745AJ244;WW;22;76.06669345
1745AJ244;WW;23;76.06669345
1745AJ244;WW;24;76.06669345
1745AJ244;WW;25;75.66492567
1745AJ244;WW;26;75.66492567
1745AJ244;WW;27;76.06669345
1745AJ244;WW;28;76.06669345
1745AJ244;WW;29;75.66492567
1745AJ244;WW;30;76.06669345
1745AJ244;WW;31;76.06669345
1745AJ244;WW;32;76.26757734
1745AJ244;WW;33;75.86580956
1745AJ244;WW;34;75.86580956
1745AJ244;WW;35;75.86580956
1745AJ244;WW;36;75.86580956
1745AJ245;D;1;88.52149458
1745AJ245;D;5;92.53917236
1745AJ245;D;7;88.1197268
1745AJ245;D;8;88.1197268
1745AJ245;D;10;80.08437123
1745AJ245;D;11;80.08437123
1745AJ245;D;12;80.08437123
1745AJ245;D;13;80.08437123
1745AJ245;D;14;79.68260346
1745AJ245;D;15;79.68260346
1745AJ245;D;16;71.64724789
1745AJ245;D;17;64.0136601
1745AJ245;D;18;56.7818401
1745AJ245;D;19;51.55885898
1745AJ245;D;20;47.13941342
1745AJ245;D;21;42.31820008
1745AJ245;D;22;37.89875452
1745AJ245;D;23;33.47930896
1745AJ245;D;24;29.86339896
1745AJ246;D;1;84.10204902
1745AJ246;D;5;88.52149458
1745AJ246;D;7;84.10204902
1745AJ246;D;8;83.70028124
1745AJ246;D;10;75.26315789
1745AJ246;D;11;75.66492567
1745AJ246;D;12;75.26315789
1745AJ246;D;13;75.66492567
1745AJ246;D;14;75.66492567
1745AJ246;D;15;75.26315789
1745AJ246;D;16;65.62073122
1745AJ246;D;17;56.7818401
1745AJ246;D;18;48.34471675
1745AJ246;D;19;42.31820008
1745AJ246;D;20;36.29168341
1745AJ248;D;1;90.12856569
1745AJ248;D;5;92.53917236
1745AJ248;D;7;89.32503013
1745AJ248;D;8;89.72679791
1745AJ248;D;10;81.28967457
1745AJ248;D;11;81.69144235
1745AJ248;D;12;81.28967457
1745AJ248;D;13;81.69144235
1745AJ248;D;14;81.28967457
1745AJ248;D;15;81.28967457
1745AJ248;D;16;71.64724789
1745AJ248;D;17;62.80835677
1745AJ248;D;18;55.17476898
1745AJ248;D;19;50.35355564
1745AJ248;D;20;45.13057453
1745AJ248;D;21;40.30936119
1745AJ248;D;22;35.88991563
1745AJ249;D;1;90.12856569
1745AJ249;D;5;94.14624347
1745AJ249;D;7;89.72679791
1745AJ249;D;8;89.32503013
1745AJ249;D;10;81.28967457
1745AJ249;D;11;81.69144235
1745AJ249;D;12;81.28967457
1745AJ249;D;13;81.28967457
1745AJ249;D;14;81.28967457
1745AJ249;D;15;81.28967457
1745AJ249;D;16;71.64724789
1745AJ249;D;17;62.40658899
1745AJ249;D;18;53.96946565
1745AJ249;D;19;47.94294898
1745AJ249;D;20;41.9164323
1745AJ249;D;21;35.88991563
1745AJ249;D;22;31.47047007
1745AJ249;D;23;27.45279229
1745AJ249;D;24;23.83688228
1745AJ249;D;25;21.02450783
1745AJ249;D;26;18.21213339
1745AJ249;D;27;15.80152672
1745AJ249;D;28;13.39092005
1745AJ249;D;29;11.38208116
1745AJ249;D;30;32.27400562
1745AJ249;D;31;78.8790679
1745AJ249;D;32;81.49055846
1745AJ249;D;33;81.89232624
1745AJ249;D;34;81.89232624
1745AJ249;D;35;81.49055846
1745AJ249;D;36;81.89232624
1745AJ249;D;37;81.49055846
1745AJ249;D;38;81.49055846
1745AJ252;D;1;85.30735235
1745AJ252;D;5;90.12856569
1745AJ252;D;7;84.90558457
1745AJ252;D;8;85.30735235
1745AJ252;D;10;76.46846123
1745AJ252;D;11;76.87022901
1745AJ252;D;12;76.87022901
1745AJ252;D;13;76.87022901
1745AJ252;D;14;76.87022901
1745AJ252;D;15;76.46846123
1745AJ252;D;16;68.43310566
1745AJ252;D;17;60.79951788
1745AJ252;D;18;53.16593009
1745AJ252;D;19;46.73764564
1745AJ252;D;20;41.9164323
1745AJ252;D;21;37.09521896
1745AJ252;D;22;32.6757734
1745AJ252;D;23;28.25632784
1745AJ252;D;24;24.64041784
1745AJ252;D;25;21.42627561
1745AJ252;D;26;18.21213339
1745AJ252;D;27;14.99799116
1745AJ252;D;28;12.18561671
1745AJ252;D;29;9.775010044
1745AJ252;D;30;29.86339896
1745AJ252;D;31;74.45962234
1745AJ252;D;32;76.66934512
1745AJ252;D;33;76.66934512
1745AJ252;D;34;76.66934512
1745AJ252;D;35;76.66934512
1745AJ252;D;36;76.66934512
1745AJ252;D;37;76.66934512
1745AJ252;D;38;76.66934512
1745AJ252;D;39;76.66934512
1745AJ252;D;40;76.26757734
1745AJ252;D;41;76.66934512
1745AJ252;D;42;76.26757734
1745AJ252;D;43;76.26757734
1745AJ252;D;44;76.26757734
1745AJ254;D;1;86.51265569
1745AJ254;D;5;90.12856569
1745AJ254;D;7;86.11088791
1745AJ254;D;8;86.51265569
1745AJ254;D;10;78.07553234
1745AJ254;D;11;77.67376456
1745AJ254;D;12;77.67376456
1745AJ254;D;13;78.07553234
1745AJ254;D;14;77.67376456
1745AJ254;D;15;77.67376456
1745AJ254;D;16;67.62957011
1745AJ254;D;17;57.58537565
1745AJ254;D;18;48.74648453
1745AJ254;D;19;43.12173564
1745AJ254;D;20;37.09521896
1745AJ254;D;21;31.06870229
1745AJ254;D;22;26.24748895
1745AJ254;D;23;22.22981117
1745AJ254;D;24;18.61390117
1745AJ254;D;25;14.99799116
1745AJ254;D;26;11.78384894
1745AJ254;D;27;8.971474488
1745AJ254;D;28;6.560867818
1745AJ254;D;29;4.150261149
1745AJ254;D;30;24.64041784
1745AJ254;D;31;75.26315789
1745AJ254;D;32;77.67376456
1745AJ254;D;33;77.67376456
1745AJ254;D;34;77.67376456
1745AJ254;D;35;78.07553234
1745AJ254;D;36;78.07553234
1745AJ254;D;37;77.27199679
1745AJ254;D;38;77.27199679
1745AJ254;D;39;77.67376456
1745AJ254;D;40;77.67376456
1745AJ254;D;41;77.67376456
1745AJ254;D;42;77.27199679
1745AJ254;D;43;77.27199679
1745AJ254;D;44;77.67376456
1745AJ256;WW;1;91.33386902
1745AJ256;WW;5;94.94977903
1745AJ256;WW;7;91.33386902
1745AJ256;WW;8;90.93210125
1745AJ256;WW;10;82.4949779
1745AJ256;WW;11;82.4949779
1745AJ256;WW;12;82.4949779
1745AJ256;WW;13;82.89674568
1745AJ256;WW;14;82.89674568
1745AJ256;WW;15;82.89674568
1745AJ261;D;1;94.94977903
1745AJ261;D;5;98.56568903
1745AJ261;D;7;94.54801125
1745AJ261;D;8;94.54801125
1745AJ261;D;10;86.51265569
1745AJ261;D;11;86.11088791
1745AJ261;D;12;86.51265569
1745AJ261;D;13;86.51265569
1745AJ261;D;14;86.51265569
1745AJ261;D;15;86.51265569
1745AJ261;D;16;77.67376456
1745AJ261;D;17;69.638409
1745AJ261;D;18;61.60305344
1745AJ261;D;19;55.57653676
1745AJ261;D;20;49.95178787
1745AJ261;D;21;45.13057453
1745AJ261;D;22;40.71112897
1745AJ261;D;23;36.29168341
1745AJ261;D;24;32.6757734
1745AJ261;D;25;29.0598634
1745AJ261;D;26;26.24748895
1745AJ261;D;27;23.4351145
1745AJ261;D;28;20.62274006
1745AJ261;D;29;18.21213339
1745AJ261;D;30;38.70229008
1745AJ261;D;31;83.70028124
1745AJ261;D;32;86.3117718
1745AJ261;D;33;86.3117718
1745AJ261;D;34;86.3117718
1745AJ261;D;35;86.71353957
1745AJ261;D;36;86.71353957
1745AJ261;D;37;86.3117718
1745AJ261;D;38;86.3117718
1745AJ261;D;39;86.3117718
1745AJ261;D;40;86.3117718
1745AJ261;D;41;86.3117718
1745AJ265;WW;1;86.51265569
1745AJ265;WW;5;88.1197268
1745AJ265;WW;7;85.70912013
1745AJ265;WW;8;85.70912013
1745AJ265;WW;10;77.67376456
1745AJ265;WW;11;77.67376456
1745AJ265;WW;12;77.67376456
1745AJ265;WW;13;77.67376456
1745AJ265;WW;14;78.07553234
1745AJ265;WW;15;77.67376456
1745AJ265;WW;16;78.07553234
1745AJ265;WW;17;77.67376456
1745AJ265;WW;18;77.67376456
1745AJ265;WW;19;77.67376456
1745AJ265;WW;20;77.27199679
1745AJ265;WW;21;77.67376456
1745AJ265;WW;22;78.07553234
1745AJ265;WW;23;78.07553234
1745AJ265;WW;24;77.67376456
1745AJ265;WW;25;77.67376456
1745AJ265;WW;26;77.67376456
1745AJ265;WW;27;77.67376456
1745AJ265;WW;28;78.07553234
1745AJ265;WW;29;77.67376456
1745AJ266;D;1;82.89674568
1745AJ266;D;5;86.11088791
1745AJ266;D;7;82.4949779
1745AJ266;D;8;82.4949779
1745AJ266;D;10;74.05785456
1745AJ266;D;11;74.86139012
1745AJ266;D;12;74.45962234
1745AJ266;D;13;74.45962234
1745AJ266;D;14;74.45962234
1745AJ266;D;15;74.45962234
1745AJ266;D;16;66.022499
1745AJ266;D;17;57.98714343
1745AJ266;D;18;50.35355564
1745AJ266;D;19;44.32703897
1745AJ266;D;20;39.10405785
1745AJ266;D;21;33.88107674
1745AJ266;D;22;29.46163118
1745AJ266;D;23;25.04218562
1745AJ266;D;24;20.62274006
1745AJ266;D;25;17.00683005
1745AJ266;D;26;13.39092005
1745AJ266;D;27;9.775010044
1745AJ266;D;28;6.962635597
1745AJ266;D;29;4.150261149
1745AJ266;D;30;24.23865006
1745AJ266;D;31;71.64724789
1745AJ266;D;32;73.85697067
1745AJ266;D;33;74.25873845
1745AJ266;D;34;74.25873845
1745AJ266;D;35;74.66050623
1745AJ266;D;36;73.85697067
1745AJ266;D;37;74.25873845
1745AJ266;D;38;74.25873845
1745AJ266;D;39;74.66050623
1745AJ266;D;40;74.25873845
1745AJ266;D;41;73.45520289
1745AJ266;D;42;74.25873845
1745AJ266;D;43;73.45520289
1745AJ267;D;1;94.14624347
1745AJ267;D;5;97.3603857
1745AJ267;D;7;93.74447569
1745AJ267;D;8;93.74447569
1745AJ267;D;10;85.30735235
1745AJ267;D;11;85.30735235
1745AJ267;D;12;85.70912013
1745AJ267;D;13;85.70912013
1745AJ267;D;14;85.70912013
1745AJ267;D;15;85.70912013
1745AJ267;D;16;76.46846123
1745AJ267;D;17;67.62957011
1745AJ267;D;18;59.99598232
1745AJ267;D;19;55.17476898
1745AJ267;D;20;50.35355564
1745AJ267;D;21;45.13057453
1745AJ267;D;22;40.30936119
1745AJ267;D;23;35.88991563
1745AJ267;D;24;31.47047007
1745AJ267;D;25;27.85456006
1745AJ267;D;26;24.64041784
1745AJ267;D;27;21.42627561
1745AJ267;D;28;18.21213339
1745AJ267;D;29;15.80152672
1745AJ267;D;30;36.29168341
1745AJ267;D;31;83.29851346
1745AJ267;D;32;85.91000402
1745AJ267;D;33;85.91000402
1745AJ267;D;34;85.50823624
1745AJ267;D;35;85.50823624
1745AJ267;D;36;85.50823624
1745AJ269;D;1;90.12856569
1745AJ269;D;5;93.34270791
1745AJ269;D;7;89.72679791
1745AJ269;D;8;89.72679791
1745AJ269;D;10;81.69144235
1745AJ269;D;11;81.69144235
1745AJ269;D;12;81.69144235
1745AJ269;D;13;81.69144235
1745AJ269;D;14;81.69144235
1745AJ269;D;15;81.69144235
1745AJ269;D;16;73.254319
1745AJ269;D;17;65.21896344
1745AJ269;D;18;57.98714343
1745AJ269;D;19;51.96062676
1745AJ269;D;20;47.13941342
1745AJ269;D;21;42.31820008
1745AJ269;D;22;38.3005223
1745AJ269;D;23;33.88107674
1745AJ269;D;24;30.26516673
1745AJ269;D;25;26.64925673
1745AJ269;D;26;23.83688228
1745AJ269;D;27;21.02450783
1745AJ269;D;28;18.21213339
1745AJ269;D;29;15.80152672
1745AJ269;D;30;36.29168341
1745AJ269;D;31;79.28083568
1745AJ269;D;32;81.28967457
1745AJ269;D;33;81.69144235
1745AJ269;D;34;81.28967457
1745AJ269;D;35;81.69144235
1745AJ269;D;36;81.28967457
1745AJ269;D;37;81.28967457
1745AJ269;D;38;81.28967457
1745AJ269;D;39;80.88790679
1745AJ269;D;40;81.28967457
1745AJ269;D;41;81.28967457
1745AJ269;D;42;81.28967457
1745AJ269;D;43;80.88790679
1745AJ269;D;44;81.28967457
1745AJ271;D;1;88.92326235
1745AJ271;D;5;92.13740458
1745AJ271;D;7;88.52149458
1745AJ271;D;8;88.52149458
1745AJ271;D;10;80.48613901
1745AJ271;D;11;80.48613901
1745AJ271;D;12;80.48613901
1745AJ271;D;13;80.08437123
1745AJ271;D;14;80.48613901
1745AJ271;D;15;80.48613901
1745AJ271;D;16;72.04901567
1745AJ271;D;17;64.41542788
1745AJ271;D;18;57.18360787
1745AJ271;D;19;51.96062676
1745AJ271;D;20;46.73764564
1745AJ271;D;21;42.31820008
1745AJ271;D;22;38.3005223
1745AJ271;D;23;33.88107674
1745AJ271;D;24;30.26516673
1745AJ271;D;25;26.64925673
1745AJ271;D;26;23.83688228
1745AJ271;D;27;20.62274006
1745AJ271;D;28;18.21213339
1745AJ271;D;29;15.39975894
1745AJ271;D;30;35.88991563
1745AJ271;D;31;78.07553234
1745AJ271;D;32;80.28525512
1745AJ271;D;33;80.28525512
1745AJ271;D;34;80.28525512
1745AJ271;D;35;80.28525512
1745AJ271;D;36;80.28525512
1745AJ271;D;37;80.28525512
1745AJ271;D;38;80.28525512
1745AJ273;D;1;84.10204902
1745AJ273;D;5;84.90558457
1745AJ273;D;7;83.29851346
1745AJ273;D;8;83.70028124
1745AJ273;D;10;75.26315789
1745AJ273;D;11;75.66492567
1745AJ273;D;12;75.66492567
1745AJ273;D;13;75.66492567
1745AJ273;D;14;75.26315789
1745AJ273;D;15;75.66492567
1745AJ273;D;16;65.21896344
1745AJ273;D;17;55.97830454
1745AJ273;D;18;47.5411812
1745AJ273;D;19;42.71996786
1745AJ273;D;20;37.49698674
1745AJ273;D;21;31.87223785
1745AJ273;D;22;27.45279229
1745AJ273;D;23;23.03334673
1745AJ273;D;24;19.41743672
1745AJ273;D;25;15.80152672
1745AJ273;D;26;12.98915227
1745AJ273;D;27;10.17677782
1745AJ273;D;28;6.962635597
1745AJ273;D;29;4.552028927
1745AJ273;D;30;25.04218562
1745AJ273;D;31;72.85255123
1745AJ273;D;32;102.5833668
1745AJ273;D;33;103.7886701
1745AJ273;D;34;85.70912013
1745AJ273;D;35;75.66492567
1745AJ273;D;36;75.26315789
1745AJ273;D;37;75.26315789
1745AJ273;D;38;75.26315789
1745AJ273;D;39;75.26315789
1745AJ273;D;40;74.86139012
1745AJ273;D;41;75.66492567
1745AJ273;D;42;75.26315789
1745AJ273;D;43;75.26315789
1745AJ273;D;44;75.26315789
1745AJ277;WW;1;87.71795902
1745AJ277;WW;5;91.7356368
1745AJ277;WW;7;87.31619124
1745AJ277;WW;8;87.31619124
1745AJ277;WW;10;78.8790679
1745AJ277;WW;11;79.28083568
1745AJ277;WW;12;78.8790679
1745AJ277;WW;13;79.28083568
1745AJ277;WW;14;79.28083568
1745AJ277;WW;15;79.28083568
1745AJ277;WW;16;79.28083568
1745AJ277;WW;17;79.28083568
1745AJ277;WW;18;79.28083568
1745AJ277;WW;19;79.28083568
1745AJ277;WW;20;78.8790679
1745AJ277;WW;21;78.8790679
1745AJ277;WW;22;78.8790679
1745AJ277;WW;23;79.28083568
1745AJ277;WW;24;78.8790679
1745AJ277;WW;25;79.28083568
1745AJ277;WW;26;79.28083568
1745AJ277;WW;27;78.8790679
1745AJ277;WW;28;79.28083568
1745AJ277;WW;29;78.8790679
1745AJ277;WW;30;79.28083568
1745AJ277;WW;31;79.28083568
1745AJ277;WW;32;79.28083568
1745AJ277;WW;33;78.47730012
1745AJ277;WW;34;79.28083568
1745AJ277;WW;35;78.8790679
1745AJ277;WW;36;79.28083568
1745AJ277;WW;37;78.8790679
1745AJ277;WW;38;78.8790679
1745AJ277;WW;39;78.8790679
1745AJ277;WW;40;78.8790679
1745AJ277;WW;41;78.8790679
1745AJ277;WW;42;78.8790679
1745AJ277;WW;43;78.8790679
1745AJ277;WW;44;78.8790679
1745AJ278;D;1;87.31619124
1745AJ278;D;5;91.33386902
1745AJ278;D;7;87.31619124
1745AJ278;D;8;86.91442346
1745AJ278;D;10;78.47730012
1745AJ278;D;11;78.8790679
1745AJ278;D;12;78.47730012
1745AJ278;D;13;78.8790679
1745AJ278;D;14;78.8790679
1745AJ278;D;15;78.8790679
1745AJ278;D;16;70.84371233
1745AJ278;D;17;63.21012455
1745AJ278;D;18;55.97830454
1745AJ278;D;19;49.95178787
1745AJ278;D;20;44.32703897
1745AJ278;D;21;39.50582563
1745AJ278;D;22;34.68461229
1745AJ278;D;23;29.86339896
1745AJ278;D;24;25.84572117
1745AJ278;D;25;21.82804339
1745AJ278;D;26;17.81036561
1745AJ278;D;27;14.1944556
1745AJ278;D;28;10.98031338
1745AJ278;D;29;7.766171153
1745AJ281;D;1;82.4949779
1745AJ281;D;5;86.91442346
1745AJ281;D;7;82.09321012
1745AJ281;D;8;82.09321012
1745AJ281;D;10;73.65608678
1745AJ281;D;11;74.05785456
1745AJ281;D;12;73.65608678
1745AJ281;D;13;73.65608678
1745AJ281;D;14;74.05785456
1745AJ281;D;15;74.05785456
1745AJ281;D;16;66.022499
1745AJ281;D;17;57.98714343
1745AJ281;D;18;50.75532342
1745AJ281;D;19;45.13057453
1745AJ281;D;20;39.50582563
1745AJ281;D;21;34.28284452
1745AJ281;D;22;30.26516673
1745AJ281;D;23;25.84572117
1745AJ281;D;24;21.42627561
1745AJ281;D;25;17.40859783
1745AJ281;D;26;14.1944556
1745AJ281;D;27;10.5785456
1745AJ281;D;28;7.364403375
1745AJ281;D;29;4.552028927
1745AJ281;D;30;24.64041784
1745AJ281;D;31;71.24548011
1745AJ281;D;32;73.45520289
1745AJ281;D;33;73.85697067
1745AJ281;D;34;73.85697067
1745AJ281;D;35;73.85697067
1745AJ281;D;36;73.85697067
1745AJ281;D;37;73.85697067
1745AJ281;D;38;73.45520289
1745AJ282;D;1;87.71795902
1745AJ282;D;5;90.93210125
1745AJ282;D;7;87.31619124
1745AJ282;D;8;87.31619124
1745AJ282;D;10;78.8790679
1745AJ282;D;11;79.28083568
1745AJ282;D;12;78.8790679
1745AJ282;D;13;79.28083568
1745AJ282;D;14;79.28083568
1745AJ282;D;15;79.28083568
1745AJ282;D;16;70.04017678
1745AJ282;D;17;60.79951788
1745AJ283;D;1;83.70028124
1745AJ283;D;5;86.11088791
1745AJ283;D;7;83.29851346
1745AJ283;D;8;83.29851346
1745AJ283;D;10;75.26315789
1745AJ283;D;11;74.86139012
1745AJ283;D;12;75.26315789
1745AJ283;D;13;75.26315789
1745AJ283;D;14;75.26315789
1745AJ283;D;15;74.86139012
1745AJ283;D;16;66.022499
1745AJ283;D;17;57.58537565
1745AJ283;D;18;49.95178787
1745AJ283;D;19;44.72880675
1745AJ283;D;20;39.50582563
1745AJ283;D;21;34.68461229
1745AJ283;D;22;30.26516673
1745AJ283;D;23;25.84572117
1745AJ283;D;24;22.22981117
1745AJ283;D;25;18.61390117
1745AJ283;D;26;15.80152672
1745AJ283;D;27;12.58738449
1745AJ283;D;28;9.775010044
1745AJ283;D;29;6.962635597
1745AJ283;D;30;27.45279229
1745AJ283;D;31;73.254319
1745AJ283;D;32;75.06227401
1745AJ283;D;33;75.46404178
1745AJ283;D;34;75.06227401
1745AJ284;D;1;86.11088791
1745AJ284;D;5;89.32503013
1745AJ284;D;7;85.70912013
1745AJ284;D;8;85.30735235
1745AJ284;D;10;77.67376456
1745AJ284;D;11;77.67376456
1745AJ284;D;12;77.27199679
1745AJ284;D;13;77.67376456
1745AJ284;D;14;77.27199679
1745AJ284;D;15;77.67376456
1745AJ284;D;16;68.83487344
1745AJ284;D;17;60.3977501
1745AJ284;D;18;52.76416231
1745AJ284;D;19;46.73764564
1745AJ284;D;20;41.51466452
1745AJ284;D;21;36.29168341
1745AJ284;D;22;32.27400562
1745AJ284;D;23;27.85456006
1745AJ284;D;24;24.23865006
1745AJ286;D;1;90.93210125
1745AJ286;D;5;92.94094014
1745AJ286;D;7;90.53033347
1745AJ286;D;8;90.53033347
1745AJ286;D;10;82.09321012
1745AJ286;D;11;82.4949779
1745AJ286;D;12;82.09321012
1745AJ286;D;13;82.4949779
1745AJ286;D;14;82.4949779
1745AJ286;D;15;82.09321012
1745AJ286;D;16;72.85255123
1745AJ286;D;17;64.0136601
1745AJ286;D;18;56.38007232
1745AJ286;D;19;51.55885898
1745AJ286;D;20;45.93411008
1745AJ286;D;21;41.11289675
1745AJ286;D;22;36.29168341
1745AJ286;D;23;31.87223785
1745AJ286;D;24;27.85456006
1745AJ286;D;25;24.23865006
1745AJ286;D;26;21.02450783
1745AJ286;D;27;17.81036561
1745AJ286;D;28;14.59622338
1745AJ286;D;29;11.78384894
1745AJ286;D;30;32.27400562
1745AJ286;D;31;79.68260346
1745AJ286;D;32;82.29409401
1745AJ286;D;33;82.29409401
1745AJ286;D;34;82.29409401
1745AJ286;D;35;82.29409401
1745AJ286;D;36;82.29409401
1745AJ286;D;37;81.89232624
1745AJ286;D;38;81.89232624
1745AJ286;D;39;81.89232624
1745AJ286;D;40;81.89232624
1745AJ286;D;41;82.29409401
1745AJ286;D;42;81.89232624
1745AJ286;D;43;81.89232624
1745AJ286;D;44;81.89232624
1745AJ287;WW;1;82.89674568
1745AJ287;WW;5;85.70912013
1745AJ287;WW;7;82.4949779
1745AJ287;WW;8;82.4949779
1745AJ287;WW;10;74.45962234
1745AJ287;WW;11;74.45962234
1745AJ287;WW;12;74.45962234
1745AJ287;WW;13;74.45962234
1745AJ287;WW;14;74.45962234
1745AJ287;WW;15;74.45962234
1745AJ287;WW;16;74.45962234
1745AJ287;WW;17;74.45962234
1745AJ287;WW;18;74.05785456
1745AJ287;WW;19;74.45962234
1745AJ287;WW;20;74.05785456
1745AJ287;WW;21;74.45962234
1745AJ287;WW;22;74.05785456
1745AJ287;WW;23;74.05785456
1745AJ287;WW;24;74.05785456
1745AJ287;WW;25;74.45962234
1745AJ287;WW;26;74.45962234
1745AJ287;WW;27;74.05785456
1745AJ287;WW;28;74.05785456
1745AJ287;WW;29;74.45962234
1745AJ287;WW;30;74.45962234
1745AJ287;WW;31;74.45962234
1745AJ287;WW;32;74.05785456
1745AJ287;WW;33;74.05785456
1745AJ287;WW;34;74.05785456
1745AJ287;WW;35;74.05785456
1745AJ287;WW;36;74.45962234
1745AJ287;WW;37;74.05785456
1745AJ287;WW;38;74.05785456
1745AJ287;WW;39;73.65608678
1745AJ287;WW;40;73.65608678
1745AJ287;WW;41;74.05785456
1745AJ287;WW;42;74.05785456
1745AJ287;WW;43;74.05785456
1745AJ287;WW;44;74.05785456
1745AJ289;D;1;92.53917236
1745AJ289;D;5;94.54801125
1745AJ289;D;7;92.13740458
1745AJ289;D;8;92.13740458
1745AJ289;D;10;84.10204902
1745AJ289;D;11;84.10204902
1745AJ289;D;12;83.70028124
1745AJ289;D;13;83.70028124
1745AJ289;D;14;84.10204902
1745AJ289;D;15;83.70028124
1745AJ289;D;16;73.65608678
1745AJ289;D;17;64.41542788
1745AJ289;D;18;56.38007232
1745AJ289;D;19;51.1570912
1745AJ289;D;20;45.53234231
1745AJ289;D;21;40.30936119
1745AJ289;D;22;35.88991563
1745AJ289;D;23;31.87223785
1745AJ289;D;24;28.25632784
1745AJ289;D;25;25.44395339
1745AJ289;D;26;22.22981117
1745AJ289;D;27;19.41743672
1745AJ289;D;28;17.00683005
1745AJ289;D;29;14.59622338
1745AJ289;D;30;35.08638007
1745AJ289;D;31;81.69144235
1745AJ289;D;32;83.49939735
1745AJ289;D;33;83.49939735
1745AJ289;D;34;83.90116513
1745AJ291;D;1;82.89674568
1745AJ291;D;5;86.11088791
1745AJ291;D;7;82.4949779
1745AJ291;D;8;82.4949779
1745AJ291;D;10;74.45962234
1745AJ291;D;11;74.45962234
1745AJ291;D;12;74.45962234
1745AJ291;D;13;73.65608678
1745AJ291;D;14;74.45962234
1745AJ291;D;15;74.05785456
1745AJ291;D;16;65.21896344
1745AJ291;D;17;57.18360787
1745AJ291;D;18;49.95178787
1745AJ291;D;19;44.32703897
1745AJ291;D;20;38.70229008
1745AJ291;D;21;33.47930896
1745AJ291;D;22;29.0598634
1745AJ291;D;23;24.23865006
1745AJ291;D;24;20.22097228
1745AJ291;D;25;16.2032945
1745AJ291;D;26;12.58738449
1745AJ291;D;27;8.971474488
1745AJ291;D;28;5.757332262
1745AJ291;D;29;2.944957814
1745AJ292;D;1;83.70028124
1745AJ292;D;5;87.71795902
1745AJ292;D;7;83.29851346
1745AJ292;D;8;83.29851346
1745AJ292;D;10;75.26315789
1745AJ292;D;11;75.26315789
1745AJ292;D;12;74.86139012
1745AJ292;D;13;74.86139012
1745AJ292;D;14;75.26315789
1745AJ292;D;15;75.26315789
1745AJ292;D;16;66.82603455
1745AJ292;D;17;58.79067899
1745AJ292;D;18;51.1570912
1745AJ292;D;19;45.13057453
1745AJ292;D;20;39.90759341
1745AJ292;D;21;34.68461229
1745AJ292;D;22;30.26516673
1745AJ293;D;1;87.31619124
1745AJ293;D;5;90.12856569
1745AJ293;D;7;86.91442346
1745AJ293;D;8;86.91442346
1745AJ293;D;10;78.8790679
1745AJ293;D;11;78.8790679
1745AJ293;D;12;78.8790679
1745AJ293;D;13;78.47730012
1745AJ293;D;14;78.47730012
1745AJ293;D;15;78.47730012
1745AJ293;D;16;69.23664122
1745AJ293;D;17;60.79951788
1745AJ293;D;18;52.76416231
1745AJ293;D;19;47.13941342
1745AJ293;D;20;41.51466452
1745AJ293;D;21;36.29168341
1745AJ293;D;22;31.47047007
1745AJ293;D;23;27.85456006
1745AJ293;D;24;24.23865006
1745AJ293;D;25;21.42627561
1745AJ293;D;26;18.61390117
1745AJ293;D;27;16.2032945
1745AJ296;D;1;76.06669345
1745AJ296;D;5;76.87022901
1745AJ296;D;7;75.26315789
1745AJ296;D;8;75.26315789
1745AJ296;D;10;67.62957011
1745AJ296;D;11;67.22780233
1745AJ296;D;12;67.62957011
1745AJ296;D;13;67.22780233
1745AJ296;D;14;67.62957011
1745AJ296;D;15;67.62957011
1745AJ296;D;16;57.18360787
1745AJ296;D;17;47.5411812
1745AJ296;D;18;41.11289675
1745AJ296;D;19;35.48814785
1745AJ296;D;20;30.26516673
1745AJ296;D;21;25.84572117
1745AJ296;D;22;23.03334673
1745AJ296;D;23;19.8192045
1745AJ296;D;24;17.40859783
1745AJ296;D;25;14.99799116
1745AJ296;D;26;12.58738449
1745AJ296;D;27;10.5785456
1745AJ296;D;28;8.971474488
1745AJ296;D;29;6.962635597
1745AJ296;D;30;27.85456006
1745AJ296;D;31;65.62073122
1745AJ296;D;32;67.02691844
1745AJ296;D;33;67.02691844
1745AJ296;D;34;67.42868622
1745AJ296;D;35;67.42868622
1745AJ296;D;36;67.42868622
1745AJ296;D;37;67.42868622
1745AJ296;D;38;67.42868622
1745AJ296;D;39;67.02691844
1745AJ296;D;40;67.42868622
1745AJ296;D;41;67.42868622
1745AJ296;D;42;67.02691844
1745AJ296;D;43;67.02691844
1745AJ296;D;44;67.02691844
1745AJ299;D;1;73.254319
1745AJ299;D;5;77.27199679
1745AJ299;D;7;72.85255123
1745AJ299;D;8;72.85255123
1745AJ299;D;10;64.81719566
1745AJ299;D;11;64.81719566
1745AJ299;D;12;64.41542788
1745AJ299;D;13;64.41542788
1745AJ299;D;14;64.81719566
1745AJ299;D;15;64.41542788
1745AJ299;D;16;55.57653676
1745AJ299;D;17;47.13941342
1745AJ299;D;18;39.50582563
1745AJ299;D;19;35.08638007
1745AJ299;D;20;29.46163118
1745AJ299;D;21;24.23865006
1745AJ299;D;22;20.22097228
1745AJ299;D;23;16.2032945
1745AJ299;D;24;12.58738449
1745AJ299;D;25;9.373242266
1745AJ299;D;26;6.560867818
1745AJ299;D;27;3.346725593
1745AJ299;D;28;0.936118923
1745AJ299;D;29;-1.876255524
1745AJ299;D;30;19.01566894
1745AJ299;D;31;62.40658899
1745AJ299;D;32;64.81719566
1745AJ299;D;33;64.81719566
1745AJ299;D;34;64.41542788
1745AJ299;D;35;64.41542788
1745AJ299;D;36;64.41542788
1745AJ299;D;37;64.41542788
1745AJ299;D;38;64.41542788
1745AJ299;D;39;64.41542788
1745AJ299;D;40;64.81719566
1745AJ299;D;41;64.41542788
1745AJ299;D;42;64.41542788
1745AJ299;D;43;64.0136601
1745AJ299;D;44;64.41542788
1745AJ300;D;1;83.70028124
1745AJ300;D;5;88.1197268
1745AJ300;D;7;83.70028124
1745AJ300;D;8;83.70028124
1745AJ300;D;10;75.26315789
1745AJ300;D;11;74.86139012
1745AJ300;D;12;75.26315789
1745AJ300;D;13;75.26315789
1745AJ300;D;14;75.26315789
1745AJ300;D;15;75.26315789
1745AJ300;D;16;66.82603455
1745AJ300;D;17;58.79067899
1745AJ300;D;18;51.55885898
1745AJ300;D;19;45.93411008
1745AJ300;D;20;40.71112897
1745AJ300;D;21;35.48814785
1745AJ300;D;22;31.06870229
1745AJ300;D;23;27.05102451
1745AJ300;D;24;22.63157895
1745AJ300;D;25;19.01566894
1745AJ300;D;26;15.39975894
1745AJ300;D;27;12.18561671
1745AJ300;D;28;9.373242266
1745AJ300;D;29;6.15910004
1745AJ300;D;30;26.24748895
1745AJ300;D;31;73.254319
1745AJ300;D;32;75.06227401
1745AJ300;D;33;75.06227401
1745AJ300;D;34;74.66050623
1745AJ302;WW;1;82.09321012
1745AJ302;WW;5;83.70028124
1745AJ302;WW;7;81.69144235
1745AJ302;WW;8;81.69144235
1745AJ302;WW;10;73.65608678
1745AJ302;WW;11;73.254319
1745AJ302;WW;12;73.65608678
1745AJ302;WW;13;73.254319
1745AJ302;WW;14;73.254319
1745AJ302;WW;15;73.65608678
1745AJ302;WW;16;73.65608678
1745AJ302;WW;17;73.65608678
1745AJ302;WW;18;73.65608678
1745AJ302;WW;19;73.254319
1745AJ302;WW;20;73.254319
1745AJ302;WW;21;73.254319
1745AJ302;WW;22;73.65608678
1745AJ302;WW;23;73.254319
1745AJ302;WW;24;73.65608678
1745AJ302;WW;25;73.254319
1745AJ302;WW;26;73.254319
1745AJ302;WW;27;73.254319
1745AJ302;WW;28;73.254319
1745AJ302;WW;29;73.254319
1745AJ304;D;1;84.10204902
1745AJ304;D;5;83.70028124
1745AJ304;D;7;83.29851346
1745AJ304;D;8;83.70028124
1745AJ304;D;10;75.26315789
1745AJ304;D;11;75.66492567
1745AJ304;D;12;75.26315789
1745AJ304;D;13;75.26315789
1745AJ304;D;14;75.26315789
1745AJ304;D;15;75.66492567
1745AJ304;D;16;64.0136601
1745AJ304;D;17;53.16593009
1745AJ304;D;18;44.72880675
1745AJ304;D;19;39.90759341
1745AJ304;D;20;34.68461229
1745AJ304;D;21;30.26516673
1745AJ304;D;22;26.24748895
1745AJ304;D;23;22.63157895
1745AJ304;D;24;19.8192045
1745AJ304;D;25;16.60506227
1745AJ304;D;26;14.1944556
1745AJ304;D;27;11.78384894
1745AJ304;D;28;9.373242266
1745AJ304;D;29;7.364403375
1745AJ304;D;30;28.25632784
1745AJ304;D;31;73.254319
1745AJ306;D;1;82.09321012
1745AJ306;D;5;85.70912013
1745AJ306;D;7;81.69144235
1745AJ306;D;8;81.69144235
1745AJ306;D;10;73.65608678
1745AJ306;D;11;73.65608678
1745AJ306;D;12;73.65608678
1745AJ306;D;13;73.254319
1745AJ306;D;14;73.65608678
1745AJ306;D;15;73.254319
1745AJ306;D;16;64.41542788
1745AJ306;D;17;55.97830454
1745AJ306;D;18;48.34471675
1745AJ306;D;19;43.92527119
1745AJ306;D;20;38.3005223
1745AJ306;D;21;33.47930896
1745AJ306;D;22;29.46163118
1745AJ306;D;23;25.44395339
1745AJ306;D;24;22.22981117
1745AJ306;D;25;19.41743672
1745AJ306;D;26;16.60506227
1745AJ306;D;27;14.1944556
1745AJ306;D;28;12.18561671
1745AJ306;D;29;9.775010044
1745AJ306;D;30;30.66693451
1745AJ306;D;31;71.64724789
1745AJ306;D;32;73.45520289
1745AJ306;D;33;73.45520289
1745AJ306;D;34;73.45520289
1745AJ306;D;35;73.45520289
1745AJ306;D;36;73.45520289
1745AJ306;D;37;73.45520289
1745AJ306;D;38;73.45520289
1745AJ306;D;39;73.05343511
1745AJ306;D;40;73.45520289
1745AJ306;D;41;73.45520289
1745AJ306;D;42;73.45520289
1745AJ306;D;43;73.45520289
1745AJ306;D;44;73.45520289
1745AJ307;D;1;88.92326235
1745AJ307;D;5;92.13740458
1745AJ307;D;7;88.52149458
1745AJ307;D;8;88.52149458
1745AJ307;D;10;80.08437123
1745AJ307;D;11;80.48613901
1745AJ307;D;12;80.08437123
1745AJ307;D;13;80.48613901
1745AJ307;D;14;80.48613901
1745AJ307;D;15;80.08437123
1745AJ307;D;16;70.84371233
1745AJ307;D;17;61.60305344
1745AJ307;D;18;53.16593009
1745AJ307;D;19;47.94294898
1745AJ307;D;20;40.71112897
1745AJ307;D;21;35.08638007
1745AJ307;D;22;30.66693451
1745AJ307;D;23;27.05102451
1745AJ307;D;24;23.4351145
1745AJ307;D;25;20.62274006
1745AJ307;D;26;17.81036561
1745AJ307;D;27;14.99799116
1745AJ307;D;28;12.58738449
1745AJ307;D;29;10.5785456
1745AJ307;D;30;31.06870229
1745AJ307;D;31;78.07553234
1745AJ307;D;32;80.28525512
1745AJ307;D;33;80.28525512
1745AJ307;D;34;80.28525512
1745AJ307;D;35;80.28525512
1745AJ307;D;36;80.28525512
1745AJ307;D;37;80.28525512
1745AJ307;D;38;80.28525512
1745AJ307;D;39;80.28525512
1745AJ307;D;40;79.88348734
1745AJ307;D;41;80.28525512
1745AJ307;D;42;80.28525512
1745AJ307;D;43;80.28525512
1745AJ307;D;44;79.88348734
1745AJ311;D;1;87.71795902
1745AJ311;D;5;90.53033347
1745AJ311;D;7;87.31619124
1745AJ311;D;8;87.31619124
1745AJ311;D;10;78.8790679
1745AJ311;D;11;79.28083568
1745AJ311;D;12;79.28083568
1745AJ311;D;13;78.47730012
1745AJ311;D;14;79.28083568
1745AJ311;D;15;79.28083568
1745AJ311;D;16;67.62957011
1745AJ311;D;17;57.18360787
1745AJ311;D;18;48.74648453
1745AJ311;D;19;42.71996786
1745AJ311;D;20;35.48814785
1745AJ311;D;21;29.46163118
1745AJ311;D;22;25.44395339
1745AJ311;D;23;22.22981117
1745AJ311;D;24;19.01566894
1745AJ311;D;25;16.60506227
1745AJ311;D;26;13.79268783
1745AJ311;D;27;11.78384894
1745AJ311;D;28;9.775010044
1745AJ311;D;29;7.766171153
1745AJ311;D;30;28.65809562
1745AJ311;D;31;76.46846123
1745AJ311;D;32;79.07995179
1745AJ311;D;33;79.07995179
1745AJ311;D;34;79.07995179
1745AJ311;D;35;79.07995179
1745AJ311;D;36;79.48171957
1745AJ311;D;37;79.07995179
1745AJ311;D;38;79.07995179
1745AJ311;D;39;79.07995179
1745AJ311;D;40;78.67818401
1745AJ311;D;41;79.07995179
1745AJ311;D;42;79.07995179
1745AJ311;D;43;78.67818401
1745AJ311;D;44;79.07995179
1745AJ312;WW;1;91.7356368
1745AJ312;WW;5;91.7356368
1745AJ312;WW;7;90.93210125
1745AJ312;WW;8;91.33386902
1745AJ312;WW;10;82.89674568
1745AJ312;WW;11;83.29851346
1745AJ312;WW;12;82.89674568
1745AJ312;WW;13;82.89674568
1745AJ312;WW;14;83.29851346
1745AJ312;WW;15;82.89674568
1745AJ315;WW;1;82.09321012
1745AJ315;WW;5;84.10204902
1745AJ315;WW;7;81.69144235
1745AJ315;WW;8;81.28967457
1745AJ315;WW;10;73.254319
1745AJ315;WW;11;73.65608678
1745AJ315;WW;12;73.254319
1745AJ315;WW;13;73.254319
1745AJ315;WW;14;73.65608678
1745AJ315;WW;15;73.65608678
1745AJ315;WW;16;73.254319
1745AJ315;WW;17;73.254319
1745AJ315;WW;18;73.254319
1745AJ315;WW;19;73.254319
1745AJ315;WW;20;72.85255123
1745AJ315;WW;21;73.254319
1745AJ315;WW;22;73.254319
1745AJ316;D;1;83.29851346
1745AJ316;D;5;86.51265569
1745AJ316;D;7;82.89674568
1745AJ316;D;8;82.89674568
1745AJ316;D;10;74.86139012
1745AJ316;D;11;74.86139012
1745AJ316;D;12;74.45962234
1745AJ316;D;13;74.45962234
1745AJ316;D;14;74.45962234
1745AJ316;D;15;74.86139012
1745AJ316;D;16;65.62073122
1745AJ316;D;17;56.7818401
1745AJ316;D;18;49.55002009
1745AJ316;D;19;45.13057453
1745AJ316;D;20;39.90759341
1745AJ316;D;21;34.68461229
1745AJ316;D;22;30.66693451
1745AJ316;D;23;26.64925673
1745AJ316;D;24;23.4351145
1745AJ316;D;25;20.62274006
1745AJ316;D;26;17.81036561
1745AJ316;D;27;14.99799116
1745AJ316;D;28;12.58738449
1745AJ316;D;29;10.17677782
1745AJ316;D;30;30.66693451
1745AJ316;D;31;72.85255123
1745AJ316;D;32;74.45962234
1745AJ316;D;33;74.45962234
1745AJ316;D;34;74.45962234
1745AJ316;D;35;74.45962234
1745AJ316;D;36;74.45962234
1745AJ316;D;37;74.45962234
1745AJ316;D;38;74.86139012
1745AJ316;D;39;74.45962234
1745AJ316;D;40;74.05785456
1745AJ316;D;41;74.45962234
1745AJ316;D;42;74.45962234
1745AJ316;D;43;74.45962234
1745AJ316;D;44;74.45962234
1745AJ320;D;1;85.70912013
1745AJ320;D;5;88.1197268
1745AJ320;D;7;85.30735235
1745AJ320;D;8;85.30735235
1745AJ320;D;10;76.87022901
1745AJ320;D;11;76.87022901
1745AJ320;D;12;77.27199679
1745AJ320;D;13;76.87022901
1745AJ320;D;14;77.27199679
1745AJ320;D;15;77.27199679
1745AJ320;D;16;67.22780233
1745AJ320;D;17;57.58537565
1745AJ320;D;18;48.74648453
1745AJ320;D;19;42.71996786
1745AJ320;D;20;37.49698674
1745AJ320;D;21;31.47047007
1745AJ320;D;22;26.64925673
1745AJ320;D;23;22.22981117
1745AJ320;D;24;18.61390117
1745AJ320;D;25;15.39975894
1745AJ320;D;26;12.18561671
1745AJ320;D;27;9.373242266
1745AJ320;D;28;6.560867818
1745AJ320;D;29;4.150261149
1745AJ320;D;30;25.04218562
1745AJ320;D;31;74.45962234
1745AJ320;D;32;77.0711129
1745AJ320;D;33;77.0711129
1745AJ320;D;34;77.0711129
1745AJ320;D;35;77.0711129
1745AJ320;D;36;77.0711129
1745AJ320;D;37;77.0711129
1745AJ320;D;38;77.47288067
1745AJ320;D;39;77.0711129
1745AJ320;D;40;76.66934512
1745AJ320;D;41;77.0711129
1745AJ324;WW;1;86.11088791
1745AJ324;WW;5;88.92326235
1745AJ324;WW;7;85.70912013
1745AJ324;WW;8;86.11088791
1745AJ324;WW;10;77.67376456
1745AJ324;WW;11;77.67376456
1745AJ324;WW;12;77.27199679
1745AJ324;WW;13;77.27199679
1745AJ324;WW;14;77.67376456
1745AJ324;WW;15;77.27199679
1745AJ324;WW;16;77.27199679
1745AJ324;WW;17;77.27199679
1745AJ324;WW;18;77.27199679
1745AJ324;WW;20;76.06669345
1745AJ324;WW;21;77.27199679
1745AJ324;WW;22;77.27199679
1745AJ324;WW;23;77.27199679
1745AJ324;WW;24;77.27199679
1745AJ324;WW;25;76.87022901
1745AJ324;WW;26;77.67376456
1745AJ324;WW;27;77.27199679
1745AJ324;WW;28;77.27199679
1745AJ324;WW;29;77.27199679
1745AJ324;WW;30;76.87022901
1745AJ324;WW;31;77.27199679
1745AJ324;WW;32;77.47288067
1745AJ324;WW;33;77.47288067
1745AJ324;WW;34;77.47288067
1745AJ324;WW;35;77.47288067
1745AJ324;WW;36;77.0711129
1745AJ342;WW;1;88.52149458
1745AJ342;WW;5;90.12856569
1745AJ342;WW;7;87.71795902
1745AJ342;WW;8;88.1197268
1745AJ342;WW;10;79.68260346
1745AJ342;WW;11;80.08437123
1745AJ342;WW;12;79.68260346
1745AJ342;WW;13;79.68260346
1745AJ342;WW;14;80.08437123
1745AJ342;WW;15;79.68260346
1745AJ342;WW;16;80.08437123
1745AJ342;WW;17;79.68260346
1745AJ342;WW;18;80.08437123
1745AJ342;WW;20;78.8790679
1745AJ342;WW;21;80.08437123
1745AJ342;WW;22;80.08437123
1745AJ342;WW;23;79.68260346
1745AJ342;WW;24;80.08437123
1745AJ342;WW;25;79.68260346
1745AJ342;WW;26;79.68260346
1745AJ342;WW;27;79.68260346
1745AJ342;WW;28;79.68260346
1745AJ342;WW;29;79.68260346
1745AJ342;WW;30;79.68260346
1745AJ342;WW;31;79.68260346
1745AJ342;WW;32;79.88348734
1745AJ342;WW;33;79.88348734
1745AJ342;WW;34;79.88348734
1745AJ342;WW;35;79.88348734
1745AJ342;WW;36;79.88348734
1745AJ342;WW;37;79.88348734
1745AJ342;WW;38;79.88348734
1745AJ342;WW;39;79.48171957
1745AJ342;WW;40;79.48171957
1745AJ342;WW;41;79.48171957
1745AJ342;WW;42;79.48171957
1745AJ342;WW;43;79.07995179
1745AJ342;WW;44;79.48171957
1745AJ343;D;1;93.34270791
1745AJ343;D;5;92.53917236
1745AJ343;D;7;92.53917236
1745AJ343;D;8;92.53917236
1745AJ343;D;10;84.50381679
1745AJ343;D;11;84.50381679
1745AJ343;D;12;84.50381679
1745AJ343;D;13;84.50381679
1745AJ343;D;14;84.90558457
1745AJ343;D;15;84.50381679
1745AJ343;D;16;73.254319
1745AJ343;D;17;62.80835677
1745AJ344;D;1;92.94094014
1745AJ344;D;5;92.94094014
1745AJ344;D;7;91.7356368
1745AJ344;D;8;92.13740458
1745AJ344;D;10;83.29851346
1745AJ344;D;11;84.10204902
1745AJ344;D;12;83.29851346
1745AJ344;D;13;83.70028124
1745AJ344;D;14;84.10204902
1745AJ344;D;15;83.70028124
1745AJ344;D;16;70.04017678
1745AJ344;D;17;57.98714343
1745AJ344;D;18;46.73764564
1745AJ344;D;20;33.47930896
1745AJ344;D;21;27.05102451
1745AJ344;D;22;22.22981117
1745AJ344;D;23;18.61390117
1745AJ344;D;24;14.99799116
1745AJ344;D;25;12.18561671
1745AJ344;D;26;9.373242266
1745AJ344;D;27;6.560867818
1745AJ344;D;28;4.552028927
1745AJ344;D;29;2.141422258
1745AJ344;D;30;23.03334673
1745AJ344;D;31;81.28967457
1745AJ344;D;32;83.49939735
1745AJ344;D;33;83.90116513
1745AJ344;D;34;83.49939735
1745AJ344;D;35;83.90116513
1745AJ344;D;36;83.49939735
1745AJ345;D;1;83.70028124
1745AJ345;D;5;84.10204902
1745AJ345;D;7;83.29851346
1745AJ345;D;8;82.89674568
1745AJ345;D;10;74.86139012
1745AJ345;D;11;74.86139012
1745AJ345;D;12;74.86139012
1745AJ345;D;13;74.86139012
1745AJ345;D;14;75.26315789
1745AJ345;D;15;74.86139012
1745AJ345;D;16;62.40658899
1745AJ345;D;17;51.1570912
1745AJ345;D;18;41.9164323
1745AJ345;D;20;28.65809562
1745AJ345;D;21;23.4351145
1745AJ345;D;22;19.8192045
1745AJ345;D;23;16.2032945
1745AJ345;D;24;13.39092005
1745AJ345;D;25;10.5785456
1745AJ345;D;26;7.766171153
1745AJ345;D;27;5.355564484
1745AJ345;D;28;3.346725593
1745AJ345;D;29;1.337886701
1745AJ348;WW;1;80.48613901
1745AJ348;WW;5;82.4949779
1745AJ348;WW;7;80.08437123
1745AJ348;WW;8;80.08437123
1745AJ348;WW;10;71.64724789
1745AJ348;WW;11;72.04901567
1745AJ348;WW;12;72.04901567
1745AJ348;WW;13;72.04901567
1745AJ348;WW;14;72.04901567
1745AJ348;WW;15;71.64724789
1745AJ349;D;1;93.34270791
1745AJ349;D;5;96.55685014
1745AJ349;D;7;92.94094014
1745AJ349;D;8;92.94094014
1745AJ349;D;10;84.50381679
1745AJ349;D;11;84.50381679
1745AJ349;D;12;84.90558457
1745AJ349;D;13;84.50381679
1745AJ349;D;14;84.90558457
1745AJ349;D;15;84.90558457
1745AJ349;D;16;75.66492567
1745AJ349;D;17;66.82603455
1745AJ349;D;18;58.79067899
1745AJ349;D;20;47.94294898
1745AJ349;D;21;42.71996786
1745AJ349;D;22;38.3005223
1745AJ349;D;23;33.88107674
1745AJ349;D;24;30.26516673
1745AJ349;D;25;27.05102451
1745AJ349;D;26;24.23865006
1745AJ349;D;27;21.02450783
1745AJ349;D;28;18.61390117
1745AJ349;D;29;16.2032945
1745AJ349;D;30;37.09521896
1745AJ349;D;31;82.89674568
1745AJ349;D;32;84.70470068
1745AJ349;D;33;84.70470068
1745AJ349;D;34;84.70470068
1745AJ349;D;35;84.70470068
1745AJ349;D;36;85.10646846
1745AJ349;D;37;84.70470068
1745AJ349;D;38;84.70470068
1745AJ349;D;39;84.70470068
1745AJ349;D;40;84.70470068
1745AJ349;D;41;84.70470068
1745AJ349;D;42;84.70470068
1745AJ349;D;43;84.70470068
1745AJ349;D;44;84.70470068
1745AJ351;D;1;88.92326235
1745AJ351;D;5;90.93210125
1745AJ351;D;7;88.52149458
1745AJ351;D;8;88.52149458
1745AJ351;D;10;80.08437123
1745AJ351;D;11;80.48613901
1745AJ351;D;12;80.08437123
1745AJ351;D;13;80.08437123
1745AJ351;D;14;80.48613901
1745AJ351;D;15;80.48613901
1745AJ351;D;16;70.84371233
1745AJ351;D;17;62.00482121
1745AJ351;D;18;53.96946565
1745AJ351;D;20;43.12173564
1745AJ351;D;21;38.3005223
1745AJ351;D;22;34.28284452
1745AJ351;D;23;30.26516673
1745AJ351;D;24;26.64925673
1745AJ353;D;1;86.11088791
1745AJ353;D;5;80.88790679
1745AJ353;D;7;85.30735235
1745AJ353;D;8;85.30735235
1745AJ353;D;10;76.87022901
1745AJ353;D;11;77.67376456
1745AJ353;D;12;77.27199679
1745AJ353;D;13;76.87022901
1745AJ353;D;14;77.27199679
1745AJ353;D;15;77.27199679
1745AJ353;D;16;62.40658899
1745AJ353;D;17;49.95178787
1745AJ353;D;18;42.31820008
1745AJ353;D;20;29.46163118
1745AJ353;D;21;24.64041784
1745AJ353;D;22;20.62274006
1745AJ353;D;23;17.40859783
1745AJ353;D;24;14.59622338
1745AJ353;D;25;11.78384894
1745AJ353;D;26;9.373242266
1745AJ353;D;27;6.962635597
1745AJ354;WW;1;79.68260346
1745AJ354;WW;5;80.48613901
1745AJ354;WW;7;78.8790679
1745AJ354;WW;8;79.28083568
1745AJ354;WW;10;70.84371233
1745AJ354;WW;11;71.24548011
1745AJ354;WW;12;70.84371233
1745AJ354;WW;13;71.24548011
1745AJ354;WW;14;71.24548011
1745AJ354;WW;15;71.24548011
1745AJ358;D;1;92.13740458
1745AJ358;D;5;89.72679791
1745AJ358;D;7;91.33386902
1745AJ358;D;8;91.33386902
1745AJ358;D;10;83.29851346
1745AJ358;D;11;83.70028124
1745AJ358;D;12;83.29851346
1745AJ358;D;13;83.29851346
1745AJ358;D;14;83.70028124
1745AJ358;D;15;83.29851346
1745AJ358;D;16;70.44194456
1745AJ358;D;17;59.59421454
1745AJ358;D;18;52.76416231
1745AJ358;D;20;41.11289675
1745AJ358;D;21;35.88991563
1745AJ358;D;22;31.87223785
1745AJ358;D;23;28.25632784
1745AJ358;D;24;25.04218562
1745AJ358;D;25;22.22981117
1745AJ358;D;26;19.41743672
1745AJ358;D;27;17.00683005
1745AJ358;D;28;14.99799116
1745AJ358;D;29;12.58738449
1745AJ358;D;30;33.47930896
1745AJ358;D;31;80.88790679
1745AJ363;D;1;86.91442346
1745AJ363;D;5;82.4949779
1745AJ363;D;7;86.11088791
1745AJ363;D;8;86.11088791
1745AJ363;D;10;77.67376456
1745AJ363;D;11;78.07553234
1745AJ363;D;12;78.07553234
1745AJ363;D;13;77.67376456
1745AJ363;D;14;78.07553234
1745AJ363;D;15;78.07553234
1745AJ363;D;16;62.40658899
1745AJ363;D;17;49.14825231
1745AJ363;D;18;40.71112897
1745AJ363;D;20;27.05102451
1745AJ363;D;21;21.82804339
1745AJ363;D;22;17.81036561
1745AJ364;D;1;91.7356368
1745AJ364;D;5;88.52149458
1745AJ364;D;7;90.93210125
1745AJ364;D;8;90.93210125
1745AJ364;D;10;82.4949779
1745AJ364;D;11;82.89674568
1745AJ364;D;12;83.29851346
1745AJ364;D;13;82.89674568
1745AJ364;D;14;82.89674568
1745AJ364;D;15;82.89674568
1745AJ364;D;16;70.44194456
1745AJ364;D;17;59.59421454
1745AJ364;D;18;52.76416231
1745AJ364;D;20;41.51466452
1745AJ364;D;21;35.88991563
1745AJ364;D;22;31.47047007
1745AJ364;D;23;27.85456006
1745AJ364;D;24;24.23865006
1745AJ364;D;25;21.42627561
1745AJ364;D;26;18.61390117
1745AJ364;D;27;16.2032945
1745AJ364;D;28;13.79268783
1745AJ364;D;29;11.38208116
1745AJ364;D;30;32.27400562
1745AJ364;D;31;80.48613901
1745AJ364;D;32;82.69586179
1745AJ364;D;33;82.29409401
1745AJ364;D;34;82.69586179
1745AJ364;D;35;82.69586179
1745AJ364;D;36;82.29409401
1745AJ364;D;37;82.69586179
1745AJ364;D;38;82.69586179
1745AJ364;D;39;82.69586179
1745AJ364;D;40;82.69586179
1745AJ364;D;41;82.69586179
1745AJ364;D;42;82.69586179
1745AJ364;D;43;82.69586179
1745AJ365;WW;1;86.11088791
1745AJ365;WW;5;84.10204902
1745AJ365;WW;7;84.90558457
1745AJ365;WW;8;85.30735235
1745AJ365;WW;10;77.27199679
1745AJ365;WW;11;77.27199679
1745AJ365;WW;12;77.27199679
1745AJ365;WW;13;76.87022901
1745AJ365;WW;14;77.27199679
1745AJ365;WW;15;77.27199679
1745AJ365;WW;16;77.27199679
1745AJ365;WW;17;77.67376456
1745AJ365;WW;18;77.27199679
1745AJ365;WW;20;76.46846123
1745AJ365;WW;21;77.27199679
1745AJ365;WW;22;76.87022901
1745AJ367;D;1;84.10204902
1745AJ367;D;5;82.09321012
1745AJ367;D;7;82.89674568
1745AJ367;D;8;83.29851346
1745AJ367;D;10;75.26315789
1745AJ367;D;11;75.66492567
1745AJ367;D;12;75.26315789
1745AJ367;D;13;75.26315789
1745AJ367;D;14;75.26315789
1745AJ367;D;15;75.26315789
1745AJ367;D;16;63.61189233
1745AJ367;D;17;53.16593009
1745AJ367;D;18;46.33587786
1745AJ367;D;20;35.08638007
1745AJ372;WW;1;88.1197268
1745AJ372;WW;5;82.89674568
1745AJ372;WW;7;87.31619124
1745AJ372;WW;8;87.71795902
1745AJ372;WW;10;78.8790679
1745AJ372;WW;11;79.28083568
1745AJ372;WW;12;79.28083568
1745AJ372;WW;13;78.8790679
1745AJ372;WW;14;79.28083568
1745AJ372;WW;15;78.8790679
1745AJ372;WW;16;78.8790679
1745AJ372;WW;17;79.28083568
1745AJ372;WW;18;78.8790679
1745AJ372;WW;20;78.07553234
1745AJ372;WW;21;78.8790679
1745AJ372;WW;22;79.28083568
1745AJ372;WW;23;78.8790679
1745AJ372;WW;24;79.68260346
1745AJ372;WW;25;78.8790679
1745AJ372;WW;26;78.8790679
1745AJ372;WW;27;78.8790679
1745AJ372;WW;28;78.8790679
1745AJ372;WW;29;78.8790679
1745AJ374;D;1;85.70912013
1745AJ374;D;5;83.29851346
1745AJ374;D;7;84.90558457
1745AJ374;D;8;85.30735235
1745AJ374;D;10;76.87022901
1745AJ374;D;11;77.27199679
1745AJ374;D;12;76.87022901
1745AJ374;D;13;77.27199679
1745AJ374;D;14;77.27199679
1745AJ374;D;15;76.87022901
1745AJ374;D;16;64.81719566
1745AJ374;D;17;54.37123343
1745AJ374;D;18;47.13941342
1745AJ374;D;20;35.48814785
1745AJ374;D;21;29.86339896
1745AJ374;D;22;25.84572117
1745AJ374;D;23;21.82804339
1745AJ374;D;24;18.61390117
1745AJ374;D;25;15.80152672
1745AJ374;D;26;12.98915227
1745AJ374;D;27;10.5785456
1745AJ374;D;28;8.167938931
1745AJ374;D;29;6.15910004
1745AJ379;D;1;90.53033347
1745AJ379;D;5;84.90558457
1745AJ379;D;7;89.32503013
1745AJ379;D;8;89.72679791
1745AJ379;D;10;81.69144235
1745AJ379;D;11;82.09321012
1745AJ379;D;12;81.69144235
1745AJ379;D;13;81.69144235
1745AJ379;D;14;81.69144235
1745AJ379;D;15;81.69144235
1745AJ379;D;16;66.82603455
1745AJ379;D;17;54.77300121
1745AJ379;D;18;48.74648453
1745AJ379;D;20;37.49698674
1745AJ379;D;21;32.6757734
1745AJ379;D;22;28.65809562
1745AJ379;D;23;25.04218562
1745AJ379;D;24;21.82804339
1745AJ379;D;25;19.01566894
1745AJ379;D;26;16.60506227
1745AJ379;D;27;13.79268783
1745AJ379;D;28;11.38208116
1745AJ379;D;29;9.373242266
1745AJ384;WW;1;77.27199679
1745AJ384;WW;5;75.66492567
1745AJ384;WW;7;76.46846123
1745AJ384;WW;8;76.46846123
1745AJ384;WW;10;68.43310566
1745AJ384;WW;11;68.43310566
1745AJ384;WW;12;68.43310566
1745AJ384;WW;13;68.43310566
1745AJ384;WW;14;68.83487344
1745AJ384;WW;15;68.83487344
1745AJ384;WW;16;68.43310566
1745AJ384;WW;17;68.43310566
1745AJ384;WW;18;68.43310566
1745AJ384;WW;20;67.62957011
1745AJ384;WW;21;68.43310566
1745AJ384;WW;22;68.43310566
1745AJ384;WW;23;68.03133789
1745AJ384;WW;24;68.43310566
1745AJ384;WW;25;68.43310566
1745AJ384;WW;26;68.03133789
1745AJ384;WW;27;68.03133789
1745AJ384;WW;28;68.43310566
1745AJ384;WW;29;68.43310566
1745AJ384;WW;30;68.43310566
1745AJ384;WW;31;68.03133789
1745AJ384;WW;32;68.03133789
1745AJ384;WW;33;68.43310566
1745AJ384;WW;34;68.03133789
1745AJ384;WW;35;68.83487344
1745AJ384;WW;36;68.43310566
1745AJ384;WW;37;68.83487344
1745AJ384;WW;38;68.43310566
1745AJ384;WW;39;68.43310566
1745AJ384;WW;40;68.03133789
1745AJ384;WW;41;68.03133789
1745AJ384;WW;42;68.43310566
1745AJ384;WW;43;68.03133789
1745AJ384;WW;44;68.43310566
